Rank,0,Monster (Eng),Sz.,Family,Frizz,Bang,Woosh,Crack,Zap,Zam,Sizz,F. Brth,C. Brth,Donk,Whack,Dazzle,Poison,Conf.,Inact.,Para.,Sleep,Sag,Sap,Decel.,Dim,Gob.,Ban D.,Blunt,Drain,Fizzle,Abil.,M. Sab.
F,1,Weedie,1,Slime,,,,,,,^50%,Immune,,-25%,,^50%,-25%,,,,,,-25%,,,Immune,,Immune,,,,-25%
F,2,Small Fry,1,Dragon,,,,,,,^50%,Immune,,-25%,,^50%,-25%,,,,,,-25%,,^50%,Immune,,Immune,,,,-25%
F,3,Cruelcucumber,1,Nature,,^50%,,,,,-25%,,,,-25%,,,,-25%,^50%,,,,-25%,^50%,,Immune,,Immune,,,
F,4,Pickayune,1,Beast,^50%,,,-25%,,,,,,,,,Immune,,^50%,,-25%,-25%,,^50%,,,,,Immune,,Immune,
F,5,Wax Murderer,1,Material,,,-25%,,,,,,,^50%,Immune,,,-25%,,,^50%,Immune,-25%,,Immune,,,,,,,
F,6,Winky,1,Demon,,,,^50%,-25%,,,,,,Immune,Immune,,^50%,Immune,-25%,,,,^50%,-25%,,,,,Immune,,
F,7,Firespirit,1,Zombie,Absorb,,-25%,-25%,-25%,^50%,,Absorb,-25%,,,-25%,^50%,Immune,,Immune,,,^50%,,-25%,,,,,,,
F,8,Slime,1,Slime,,,,,^50%,-25%,,,,,,Immune,,,,,,^50%,,-25%,,,,,-25%,^50%,,Immune
F,9,Komodo,1,Dragon,,,,,,,^50%,,,-25%,,Immune,-25%,,,,,,-25%,,^50%,Immune,,Immune,,,,
F,10,Swarmtroop,1,Nature,,^50%,Immune,,,,-25%,-25%,,,,,,,-25%,^50%,,,,-25%,^50%,,Immune,,Immune,,,
F,11,Platypunk,1,Beast,^50%,,,-25%,,,-25%,,,,,,Immune,,^50%,,-25%,-25%,,^50%,,,,,,Immune,Immune,
F,12,Bag o' Laughs,1,Material,,,-25%,,,,,,,^50%,Immune,,,-25%,Immune,,^50%,^50%,-25%,,Immune,,,,,-25%,,
F,13,Dracky,1,Demon,,,,^50%,-25%,,,,,,,,,^50%,Immune,-25%,,,,^50%,-25%,,,,,Immune,,
F,14,Ghost,1,Zombie,-25%,,,,,^50%,,,,,Immune,-25%,^50%,Immune,,Immune,,,^50%,-25%,-25%,,,,,,,
F,15,Bad Egg,1,Slime,,,^50%,,^50%,-25%,,,,,,Immune,,,,,,^50%,,,^50%,,,,-25%,^50%,,Immune
F,16,Frou-Fry,1,Dragon,,,,,,,^50%,,,-25%,,^50%,-25%,,,Immune,,,-25%,,^50%,Immune,,Immune,,,,
F,17,Capsichum,1,Nature,-25%,^50%,,,,,-25%,,,,,,,,-25%,^50%,Immune,,,-25%,^50%,,Immune,,Immune,,,
F,18,Mischievous Mole,1,Beast,^50%,,,-25%,,,,,-25%,,,Immune,Immune,,^50%,,-25%,-25%,,^50%,,,,,,,Immune,
F,19,Mud Mannequin,1,Material,-25%,,-25%,,,,,,,^50%,Immune,Immune,,-25%,,,^50%,^50%,-25%,,Immune,,,,,,,
F,20,Lips,1,Demon,,,,^50%,-25%,,,,,,,Immune,,,Immune,-25%,,,,^50%,-25%,-25%,,,,Immune,,
F,21,Stump Chump,1,Zombie,-25%,,,,,^50%,,,,,,-25%,^50%,Immune,,Immune,,,^50%,,,,,,,Immune,,
F,22,Bubble Slime,1,Slime,,,,,^50%,-25%,,,,,,Immune,Immune,,-25%,,,^50%,,-25%,,,,,-25%,^50%,,Immune
F,23,Dragonthorn,1,Dragon,-25%,,,,,,^50%,,,-25%,,^50%,-25%,,,,,,-25%,,^50%,Immune,,Immune,,Immune,,
F,24,Killarpillar,1,Nature,Immune,^50%,,-25%,,,-25%,,,,,,,,-25%,Immune,-25%,,,-25%,^50%,,Immune,,Immune,,,
F,25,Satyr,1,Beast,^50%,,,-25%,,,,,,,,,Immune,,^50%,,^50%,-25%,,^50%,-25%,,,,,,Immune,
F,26,Ticking Timeburrm,1,Material,,Absorb,-25%,,,,,,,^50%,Immune,,,-25%,,,^50%,^50%,-25%,,Immune,,,,,,,
F,27,Tree Feller,1,Demon,,,Immune,^50%,-25%,,,,,,,,,^50%,Immune,-25%,,,,^50%,-25%,,,,,Immune,,
F,28,Funghoul,1,Zombie,-25%,,,,,^50%,,,,,,,Immune,Immune,,Immune,,,^50%,,-25%,,,,,,,
F,29,Healslime,1,Slime,,,,,^50%,-25%,,,,,,Immune,,,,,,^50%,,-25%,,,,,-25%,Immune,,Immune
F,30,Argon Lizard,1,Dragon,,,,,,,^50%,,,-25%,,^50%,-25%,,,Immune,,,-25%,,^50%,Immune,,Immune,,,,
F,31,Army Ant,1,Nature,,^50%,,-25%,,,-25%,,,,,,,,-25%,^50%,,,Immune,-25%,^50%,,Immune,,Immune,,,
F,32,Hammerhood,1,Beast,^50%,,,-25%,,,,,,,,Immune,Immune,,^50%,,-25%,-25%,,^50%,,,,,,,Immune,
F,33,Frostburn,1,Material,-25%,,-25%,Absorb,-25%,,,-25%,Absorb,^50%,Immune,,,-25%,,,^50%,^50%,-25%,,Immune,,,,,,,
F,34,Conkalve,1,Demon,,,,^50%,-25%,,,,,,,,-25%,^50%,Immune,-25%,,,,Immune,,,,,,Immune,,
F,35,Muddy Hand,1,Zombie,-25%,,,,,^50%,,,,Immune,,-25%,^50%,Immune,,Immune,,,^50%,,-25%,,,,,,,
F,36,She-Slime,1,Slime,Immune,,,,^50%,-25%,,,,,,Immune,,,,,,^50%,,-25%,,,,,-25%,^50%,,Immune
F,37,Jargon,1,Dragon,,,,,,,^50%,,,-25%,,^50%,-25%,,,,,,-25%,,^50%,^50%,,^50%,,Immune,,
F,38,Kingfuchsia,1,Nature,,^50%,Immune,,,,-25%,,,-25%,,,,,-25%,^50%,,,,-25%,^50%,,Immune,,Immune,,,
F,39,Scissor Beatle,1,Nature,-25%,^50%,,,,,-25%,,,,,,,,-25%,^50%,Immune,,,-25%,^50%,,Immune,,Immune,,,
F,40,Boppin' Badger,1,Beast,^50%,,,-25%,,,,,,,,,Immune,,^50%,,-25%,-25%,,^50%,,,Immune,,,,Immune,
F,41,Spitnik,1,Material,,Absorb,-25%,-25%,,-25%,Absorb,,-25%,^50%,Immune,,,-25%,,,^50%,^50%,-25%,,Immune,,,,,,,
F,42,See Urchin,1,Demon,,,,^50%,-25%,,-25%,,,,,,,^50%,Immune,-25%,,,,^50%,-25%,,,,,Immune,,
F,43,Drohl Drone,1,Zombie,-25%,,,,,^50%,,,,,,-25%,^50%,Immune,,Immune,,,^50%,Immune,-25%,,-25%,,,,,
F,44,Drake Slime,1,Slime,,,,,^50%,-25%,,Immune,Immune,,,Immune,,,,,,^50%,,-25%,,,,,-25%,^50%,,Immune
F,45,Dragonfry,1,Dragon,,,Immune,-25%,,,^50%,,,-25%,,^50%,-25%,,,,,,-25%,,^50%,Immune,,Immune,,,,
F,46,Hell Hornet,1,Nature,-25%,^50%,,,,,-25%,,,,,,Immune,,-25%,Immune,,,,-25%,^50%,,Immune,,Immune,,,
F,47,Weaken Beakon,1,Beast,^50%,,,-25%,,,,,,,,,Immune,,^50%,,-25%,-25%,,Immune,,,Immune,,,,Immune,
F,48,Cheeky Tiki,1,Material,Immune,Immune,-25%,-25%,,,Immune,,,^50%,Immune,,,-25%,,,^50%,^50%,-25%,,Immune,,,,,,,
F,49,Heedoovoodoo,1,Demon,,,,^50%,-25%,,,,,,,,,^50%,Immune,-25%,,,,Immune,-25%,,,,,Immune,,
F,50,Drooling Ghoul,1,Zombie,-25%,,,,,^50%,,,,,,-25%,^50%,Immune,Immune,Immune,,,^50%,,-25%,,,,,,,
E,51,Wild Slime,1,Slime,,,,,^50%,-25%,,,,-25%,,Immune,,,,,,Immune,,-25%,,,,,-25%,^50%,,Immune
E,52,Boreal Serpent,2,Dragon,-25%,,,Absorb,,,^50%,-25%,Absorb,-25%,^50%,^50%,-25%,^50%,^50%,^50%,^50%,,-25%,,^50%,Immune,,Immune,,,,
E,53,Bantamweight,2,Nature,,^50%,Immune,,,,-25%,,,,^50%,,,^50%,,Immune,Immune,,,-25%,^50%,,Immune,,Immune,,,
E,54,Powie Yowie,1,Beast,-25%,,,Immune,,,-25%,,Immune,,,,Immune,,^50%,,-25%,-25%,,^50%,,,,,,,Immune,
E,55,Pocus Poppet,1,Material,,,-25%,,,,,,,^50%,Immune,Immune,,-25%,,,^50%,^50%,-25%,,Immune,,,,,,,
E,56,Frogface,1,Demon,-25%,,,^50%,-25%,,,,,,,Immune,,^50%,Immune,-25%,,,,^50%,-25%,,,,,Immune,,
E,57,Mummy Boy,1,Zombie,-25%,,,Immune,-25%,^50%,,,,,Immune,-25%,^50%,Immune,,Immune,,,^50%,,-25%,,,,,,,
E,58,Shell Slime,1,Slime,,,,,^50%,-25%,,,,,-25%,Immune,,,,,,^50%,Immune,-25%,,,,,-25%,^50%,,Immune
E,59,Nardragon,1,Dragon,,,,,,,^50%,,,-25%,,^50%,-25%,,,-25%,,,-25%,,^50%,Immune,,Immune,,,Immune,
E,60,Mental Pitcher,1,Nature,,^50%,-25%,,,,-25%,,,,,Immune,,,-25%,^50%,,,,-25%,^50%,,Immune,,Immune,,,
E,61,Pan Piper,1,Beast,^50%,,,-25%,,,,,,,,-25%,Immune,,^50%,,^50%,-25%,,^50%,,,,,,,Immune,
E,62,Axecutioner,1,Material,,,-25%,Immune,,,,,,^50%,Immune,,,-25%,,,^50%,^50%,-25%,,Immune,,,,,,,
E,63,Headhunter,1,Demon,,,,^50%,-25%,,,,,,Immune,,,^50%,Immune,-25%,,,-25%,^50%,-25%,,,,,Immune,,
E,64,Demonrider,1,Zombie,-25%,,,,-25%,^50%,,,,,,-25%,^50%,Immune,^-50%,Immune,^-50%,,^50%,,^-50%,,,,,Immune,,
E,65,Mottle Slime,1,Slime,,,,,^50%,-25%,,,,,,Immune,,,,,,^50%,,^50%,Immune,,,,-25%,^50%,,Immune
E,66,Snapdragon,1,Dragon,-25%,,,,,,^50%,,,-25%,,^50%,-25%,Immune,,,,,-25%,,^50%,Immune,,Immune,,,,
E,67,Cactiball,1,Nature,,^50%,-25%,,,,-25%,,,Immune,,,,,-25%,^50%,,,,-25%,^50%,,Immune,,Immune,,,
E,68,Vampire Cat,1,Beast,^50%,,,-25%,,,,,,,,,Immune,-25%,^50%,-25%,-25%,-25%,,^50%,,,,,,Immune,Immune,
E,69,Rockbomb,1,Material,,,-25%,,,,,,,Immune,Immune,,,-25%,,,^50%,^50%,-25%,,Immune,,,,,,,
E,70,Lump Wizard,1,Demon,Immune,Immune,Immune,Immune,Immune,Immune,Immune,,,,-25%,,,^50%,Immune,-25%,,,,^50%,-25%,,,,,Immune,,
E,71,Swingin' Hipster,1,Zombie,-25%,,,,,^50%,,,,,,-25%,^50%,Immune,,Immune,,,^50%,,-25%,,,,,,,
E,72,Drohl Diabolist,1,Zombie,-25%,,,,,Immune,,,,,,-25%,^50%,Immune,,Immune,,,^50%,^50%,-25%,,,,Immune,,,-25%
E,73,Drag Racer,1,Dragon,,Immune,,,,,^50%,,,-25%,,^50%,-25%,,,,,,-25%,,^50%,Immune,-25%,Immune,,,,
E,74,Great Sabercub,1,Nature,,^50%,,,,,-25%,,,,,,,,-25%,^50%,,,,^50%,^50%,,Immune,,Immune,,,
E,75,Snowbird,1,Beast,-25%,,,Absorb,,,,-25%,Absorb,,,,Immune,,^50%,,-25%,-25%,,^50%,,,,,,,Immune,
E,76,Danging Flame,1,Material,Absorb,,-25%,-25%,,-25%,,Absorb,-25%,^50%,Immune,,,-25%,,,^50%,^50%,-25%,,Immune,,,,,,,
E,77,Imp,1,Demon,,,,^50%,-25%,,,,,,,,,^50%,Immune,-25%,,,,^50%,-25%,,,,,Immune,,Immune
E,78,Skipper,1,Zombie,-25%,,,,,^50%,,,,,,-25%,^50%,Immune,-25%,Immune,,,^50%,,-25%,,-25%,,,,Immune,Immune
E,79,Snail Slime,1,Slime,,,,,^50%,-25%,,,,,Immune,Immune,,,,,,^50%,-25%,-25%,,,,,-25%,^50%,,Immune
E,80,Green Dragon,2,Dragon,,,-25%,,,,^50%,Immune,Immune,-25%,^50%,^50%,-25%,^50%,^50%,^50%,^50%,,-25%,,^50%,Immune,,Immune,,,,
E,81,Chimaera,1,Nature,,^50%,,,,,-25%,,,,-25%,,,Immune,-25%,^50%,,,,-25%,^50%,,Immune,,Immune,,,
E,82,Chainine,1,Beast,^50%,,,-25%,,,,,,Immune,,Immune,Immune,,^50%,,-25%,-25%,,^50%,,,,,,,Immune,
E,83,Dingaling,1,Material,,,-25%,,,,,,,Immune,Immune,,,-25%,,,^50%,^50%,-25%,,Immune,,,,,,,
E,84,Gruffon,1,Demon,,,,^50%,-25%,,,,,,,,,^50%,Immune,-25%,,,,^50%,-25%,,,,,Immune,,
E,85,Hellhound,1,Zombie,-25%,,,,-25%,^50%,,,,,,-25%,^50%,Immune,,Immune,,Immune,^50%,,-25%,,,,,,,
E,86,Snowmangler,1,Slime,-25%,,,Absorb,^50%,-25%,,-25%,Absorb,,,Immune,,,,,,^50%,,-25%,,,,,,^50%,,Immune
E,87,Damselfly,1,Dragon,,-25%,,,,,^50%,,,-25%,,^50%,-25%,Immune,,,,,-25%,,^50%,Immune,,Immune,,,,
E,88,Bullfinch,1,Nature,,^50%,,,,,-25%,,,,,,,,-25%,^50%,-25%,Immune,,-25%,^50%,,Immune,,Immune,,,
E,89,Teeny Sanguini,1,Beast,^50%,,,-25%,,,,,,,Immune,,Immune,^50%,Immune,-25%,-25%,-25%,,^50%,,,Immune,,,,Immune,
E,90,Goodybag,1,Material,,,-25%,,,,Immune,,,^50%,Immune,,,-25%,,,^50%,^50%,-25%,,Immune,,,,,Immune,,
E,91,Danging Devil,1,Demon,,,,^50%,-25%,,,,,,,,,^50%,Immune,-25%,,,,^50%,-25%,,,,Immune,Immune,,
E,92,Flyguy,1,Zombie,-25%,,,,,^50%,,,,,,-25%,^50%,Immune,,Immune,Immune,,^50%,,-25%,,,,,,,
D,93,Slime Knight,1,Slime,,,,,^50%,-25%,,,,,,Immune,,Immune,,,,^50%,,-25%,,,,Immune,-25%,^50%,,Immune
D,94,Skelegon,1,Dragon,,,,,-25%,,^50%,,,-25%,Immune,^50%,-25%,,,,,,-25%,,^50%,Immune,,Immune,,,,
D,95,Wild Boarfish,1,Nature,,^50%,,,,,-25%,,,,,,,,-25%,^50%,,,,-25%,^50%,,Immune,,Immune,,,
D,96,Night Emperor,1,Beast,^50%,,,-25%,,,,,,Immune,,,Immune,,^50%,,^50%,-25%,,^50%,,,,,,,Immune,
D,97,Cannibox,1,Material,,,-25%,,,,,,,^50%,Immune,,,-25%,,,^50%,^50%,-25%,,Immune,,,,,-25%,,
D,98,Desert Demon,1,Demon,,,,^50%,-25%,,,,,-25%,,Immune,,^50%,Immune,-25%,,,,^50%,-25%,,,,,Immune,,
D,99,Hyper Heyedra,1,Zombie,-25%,,,,,^50%,,,,,,-25%,^50%,Immune,,Immune,,,^50%,,-25%,Immune,Immune,,,,,
D,100,Metal Slime,1,Slime,Immune,Immune,Immune,Immune,Immune,Immune,Immune,Immune,Immune,Immune,Immune,,Immune,Immune,,Immune,Immune,^50%,,,,Immune,Immune,Immune,,^25%,Immune,Immune
D,101,Rubble Slime,1,Slime,Immune,,,,^50%,-25%,,,,,,Immune,,,,,,^50%,Immune,-25%,,,,,-25%,^50%,,Immune
D,102,Dragurn,1,Dragon,,,,,,,^50%,,,-25%,,^50%,-25%,,,,,,-25%,,^50%,Immune,,Immune,,Immune,Immune,
D,103,Jailcat,1,Nature,,^50%,,Immune,,,-25%,,,,,,,,-25%,^50%,,,,-25%,^50%,,Immune,,Immune,,-25%,
D,104,Sea Dog,1,Beast,^50%,,,-25%,,,,,,,,,Immune,,^50%,,-25%,-25%,,^50%,,,,Immune,,,Immune,
D,105,Shadow,1,Material,,,-25%,,-25%,Absorb,,,,^50%,Immune,,,-25%,,,^50%,^50%,-25%,,Immune,,,,,,,
D,106,Anchorman,1,Material,,,-25%,,,,,,,Immune,Immune,,,-25%,Immune,,^50%,^50%,-25%,,Immune,,,,,,,
D,107,Lesser Demon,1,Demon,,Immune,,^50%,-25%,,,,,,,,,^50%,Immune,-25%,,,,^50%,-25%,,,,,Immune,,
D,108,Pompom Bomb,1,Zombie,-25%,Immune,,,,^50%,,,,,,-25%,^50%,Immune,,Immune,,,^50%,,-25%,,,,,,,
D,109,Angel Slime,1,Slime,,,,,Absorb,-25%,,,,,Immune,Immune,,,,,,^50%,,-25%,,,,,-25%,^50%,,Immune
D,110,Gas Bagon,1,Dragon,,,,,,,^50%,Immune,,-25%,,^50%,-25%,-25%,,,,,-25%,,^50%,^50%,,^50%,,,,
D,111,Spiked Hare,1,Nature,,^50%,,,,,-25%,,,,,,,,-25%,^50%,,,,-25%,^50%,,Immune,,Immune,,,
D,112,Rockin' Rockhopper,1,Nature,,^50%,,Immune,,,-25%,-25%,Immune,,,,-25%,,-25%,^50%,,,,-25%,^50%,,Immune,,Immune,,,
D,113,Fencing Fox,1,Beast,^50%,,^50%,-25%,,,,,,,,,Immune,-25%,^50%,-25%,-25%,-25%,,^50%,,,-25%,,,,Immune,
D,114,Moai Minstrel,2,Material,,,-25%,,,,,,,^50%,Immune,,,-25%,,^50%,^50%,^50%,-25%,,Immune,,,,,Immune,,
D,115,Foo Dog,1,Material,,,-25%,,,,,,,^50%,Immune,,,-25%,,,^50%,^50%,-25%,,Immune,,,,,,,
D,116,Cross Eye,1,Demon,,,,Immune,,,,,Immune,,,,,^50%,Immune,-25%,,,,^50%,-25%,,,,,Immune,,
D,117,Skeleton,1,Zombie,-25%,,,,-25%,^50%,,,,,Immune,-25%,^50%,Immune,Immune,Immune,,,^50%,,-25%,,,,,,,
D,118,Mottle King Slime,1,Slime,,,,,^50%,-25%,,,,,Immune,Immune,,,,,,^50%,,-25%,,,,,-25%,^50%,Immune,Immune
D,119,Seasaur,1,Dragon,,,,,,,Immune,,,-25%,,^50%,-25%,,,,,,-25%,,^50%,Immune,,Immune,,Immune,,
D,120,Boring Bug,1,Nature,,^50%,,,,,-25%,,,,,,,,-25%,^50%,,,Immune,-25%,^50%,Immune,Immune,,Immune,,,
D,121,Orc,1,Beast,^50%,,,-25%,,,-25%,,,,,,Immune,,^50%,,-25%,-25%,,^50%,,,,Immune,,,Immune,
D,122,Chariot Chappie,1,Material,,Immune,-25%,,,,,,,^50%,Immune,,,-25%,,,^50%,^50%,-25%,,Immune,,,,,,,
D,123,Gold Golem,1,Material,,,-25%,,,,,,,^50%,Immune,,,-25%,,,^50%,^50%,-25%,,Immune,,,,,,,
D,124,Silvapithecus,1,Demon,,,,^50%,-25%,,,,,,Immune,,,^50%,Immune,-25%,,,,^50%,-25%,,,,-25%,Immune,,
D,125,Behemoth Slime,1,Slime,,,,,^50%,-25%,,,,,Immune,Immune,,,,,,^50%,,-25%,,,,,-25%,^50%,-25%,Immune
D,126,Red Dragon,2,Dragon,,,,-25%,,,^50%,Immune,,-25%,^50%,^50%,-25%,^50%,^50%,^50%,^50%,,-25%,,^50%,Immune,,Immune,,Immune,,
D,127,Crabid,1,Nature,-25%,^50%,,,,,-25%,,,Immune,,,,,-25%,^50%,,,,-25%,^50%,,Immune,,Immune,,,
D,128,Scorpion,1,Nature,-25%,^50%,,,,,-25%,,,,,,Immune,,-25%,Immune,,,,-25%,^50%,,Immune,,Immune,,,
D,129,Weartiger,1,Beast,^50%,,,-25%,,,,,,,,,Immune,,^50%,,-25%,-25%,,^50%,,,,,,Immune,Immune,
D,130,Brownie,1,Beast,^50%,,,-25%,,,Immune,,,,,,Immune,,^50%,,-25%,-25%,,^50%,,,,,Immune,,Immune,
D,131,Mecha-Mynah,1,Material,,,-25%,,,,,,,^50%,Immune,,,-25%,Immune,,^50%,^50%,-25%,,Immune,,,,,,,
D,132,Wrecktor,1,Demon,,,,^50%,-25%,,,,,,,,,^50%,Immune,-25%,,,,^50%,-25%,,,,,Immune,,Immune
D,133,Phantom Fencer,1,Zombie,-25%,,Immune,,-25%,^50%,,,,,Immune,-25%,^50%,Immune,,Immune,,,^50%,,-25%,,,,,,,
D,134,Metal Slime Knight,1,Slime,,,,,^50%,-25%,,,,,,Immune,,,,Immune,,^50%,,-25%,,,,Immune,-25%,^50%,,Immune
D,135,Sentripede,1,Nature,Immune,^50%,,,,,-25%,,,,,,,,-25%,^50%,,,,-25%,^50%,-25%,Immune,,Immune,,,
D,136,Eveel,1,Nature,,^50%,,,,,-25%,,,,,,Immune,,-25%,^50%,,-25%,,-25%,^50%,,Immune,,Immune,,,
D,137,Battering Ram,1,Beast,^50%,,,-25%,,,,,,,,,Immune,,^50%,,^50%,-25%,,^50%,,,,,,,Immune,
D,138,Firn Fiend,1,Material,-25%,,-25%,Absorb,,,-25%,-25%,Absorb,^50%,Immune,,,-25%,,,^50%,^50%,-25%,,Immune,,,,,,,
D,139,Prickly Prankster,1,Demon,,,,^50%,-25%,,,,,,,,,^50%,Immune,-25%,,,,^50%,-25%,,,Immune,,Immune,,
D,140,Bona Constrictor,1,Zombie,-25%,,,,,^50%,,,,,,-25%,^50%,Immune,,Immune,,,^50%,Immune,-25%,,,,,,,
D,141,Beshemoth Slime,1,Slime,Immune,,,,^50%,-25%,,,,,,Immune,,,,,,^50%,,-25%,,,,-25%,-25%,^50%,,Immune
D,142,Aquestrian Gladiator,1,Dragon,,,,,,,^50%,,,-25%,,^50%,-25%,,,,,,-25%,,^50%,Immune,,Immune,,^50%,-25%,
D,143,Khalamari Kid,1,Nature,,^50%,,,,,-25%,,,,,,,,-25%,^50%,,,,-25%,^50%,,Immune,,Immune,Immune,,
D,144,Wormongor,3,Nature,,^50%,,,,,-25%,,-25%,^50%,Immune,,Immune,Immune,Immune,Immune,Immune,,,-25%,^50%,,Immune,,Immune,,,
D,145,Bodkin Archer,1,Beast,^50%,,,-25%,,,,,,,,,Immune,,^50%,,-25%,-25%,,^50%,,,,,,Immune,Immune,
D,146,Harmour,1,Material,Immune,,-25%,Immune,,,,,,^50%,Immune,,,-25%,,,^50%,^50%,-25%,,Immune,,,,,,,
D,147,Robbin' Huddle,1,Demon,,,,^50%,-25%,,,,,,,,,^50%,Immune,-25%,,,,^50%,-25%,,,,Immune,Immune,,
D,148,Dangler Fish,1,Demon,,,,^50%,-25%,,,,,,,Immune,,^50%,Immune,-25%,,,,^50%,-25%,,,,,Immune,,
C,149,Dragon Slime,1,Slime,,,,,^50%,-25%,,Immune,Immune,,,Immune,,,,,,^50%,,-25%,,,,,-25%,^50%,,Immune
C,150,Hacksaurus,1,Dragon,,,,,,,^50%,,,-25%,,^50%,-25%,Immune,,,,,-25%,,^50%,Immune,,Immune,,,,
C,151,Hades Condor,1,Nature,,^50%,,,,,-25%,,Immune,,,,,,-25%,^50%,,,,-25%,^50%,,Immune,,Immune,,,Immune
C,152,Bewarewolf,1,Beast,^50%,,,-25%,,,,,,,,,Immune,,^50%,Immune,-25%,-25%,,^50%,,,,,,Immune,Immune,
C,153,Mortoad,2,Beast,^50%,Immune,,-25%,,,,,,,^50%,,Immune,^50%,Immune,^50%,-25%,-25%,,^50%,,,,,,,Immune,
C,154,Puppeteer,1,Material,,,-25%,,,,,,,^50%,Immune,,,-25%,-25%,,Immune,^50%,-25%,,Immune,,Immune,,,,Immune,
C,155,Aggrosculpture,1,Demon,,Immune,Immune,^50%,-25%,,,,,,,,,^50%,Immune,-25%,,,,^50%,-25%,,,,,Immune,,
C,156,Dark Crab,1,Zombie,-25%,Immune,,,,^50%,,,,,Immune,-25%,^50%,Immune,,Immune,,,^50%,,-25%,,,,,,,
C,157,Slime Stack,1,Slime,,-25%,,,^50%,-25%,,,,,,Immune,,,,,,^50%,,-25%,Immune,,,,Immune,^25%,,Immune
C,158,Armoured Wartoise,1,Dragon,,,,Immune,,,^50%,,,-25%,,^50%,-25%,,,,,,-25%,,^50%,Immune,,Immune,,,,Immune
C,159,Whackanape,1,Nature,,^50%,,,,,-25%,,,Immune,,,,,-25%,^50%,,,,-25%,^50%,,Immune,,Immune,,Immune,
C,160,Great Sabercat,1,Nature,,^50%,^50%,,,,-25%,,,,,,,,-25%,^50%,,,,^50%,^50%,,Immune,,Immune,,,
C,161,Trigertaur,1,Beast,^50%,,,-25%,,,,,,,Immune,,Immune,Immune,^50%,Immune,-25%,-25%,,^50%,,,,,,,Immune,
C,162,Gargoyle,1,Beast,^50%,,,-25%,,,,,,,,,Immune,,Immune,,-25%,-25%,,^50%,,,,Immune,,,Immune,
C,163,King Kelp,1,Material,,,-25%,,,,,,,^50%,Immune,,,-25%,,,Immune,^50%,-25%,,Immune,,,,,,,Immune
C,164,Great Dracky,1,Demon,,Immune,,^50%,-25%,Absorb,,,,,,,,^50%,Immune,-25%,,,,^50%,-25%,,,,,Immune,,
C,165,Walking Corrpse,1,Zombie,-25%,,,,-25%,^50%,,,,,Immune,,Immune,Immune,,Immune,,,^50%,,-25%,,,,,,,
C,166,Sea Dragon,1,Dragon,,Immune,,^50%,,,^50%,,^50%,-25%,,^50%,-25%,,,,,,-25%,,^50%,Immune,,Immune,,,,
C,167,Treeface,2,Nature,-25%,^50%,,,,,-25%,,,,^50%,,,^50%,-25%,^50%,^50%,,,-25%,^50%,,Immune,,Immune,,Immune,
C,168,Merman,1,Beast,^50%,,^50%,-25%,,,,-25%,^50%,,,Immune,Immune,,^50%,,-25%,-25%,,^50%,,,,,,,Immune,
C,169,Octagoon,1,Material,^50%,,,-25%,,-25%,,,,Immune,Immune,,Immune,,^50%,,-25%,-25%,,^50%,,,,,,,Immune,Immune
C,170,Malevolamp,1,Material,,,-25%,,,Immune,,,,^50%,Immune,,,-25%,,^50%,^50%,^50%,-25%,,Immune,,,,,,,
C,171,Octavian Sentry,1,Demon,,,^50%,^50%,-25%,,,,^50%,,-25%,,,^50%,Immune,-25%,,Immune,,^50%,-25%,,,,,Immune,,
C,172,Restless Armour,1,Zombie,-25%,,,,,^50%,,,,,Immune,-25%,^50%,Immune,,Immune,,,^50%,,-25%,,,Immune,,,,
C,173,King Slime,1,Slime,,,,,^50%,-25%,,,,,Immune,Immune,,,,,,^50%,,-25%,,,,,-25%,^50%,,Immune
C,174,Noble Gasbagon,1,Dragon,,,,,,,^50%,Immune,,-25%,,^50%,-25%,,,,,,-25%,,Immune,Immune,,Immune,,,,
C,175,Paws,1,Nature,,^50%,,Immune,,,-25%,,Immune,,,,,,-25%,^50%,,,,-25%,^50%,,Immune,,Immune,,,
C,176,Jumping Jackal,1,Beast,^50%,,,-25%,,,,,,,,Immune,Immune,,^50%,,-25%,-25%,,^50%,,,,,,,Immune,
C,177,Cumulus Rex,1,Material,^50%,,Immune,-25%,,,,,,,,Immune,Immune,,^50%,,-25%,-25%,,^50%,,Immune,,,,,Immune,
C,178,Hunter Mech,1,Material,,-25%,-25%,,,,,,,^50%,Immune,,Immune,-25%,,,^50%,^50%,-25%,,Immune,,,,,,,
C,179,Heyedra,1,Zombie,-25%,,,,,^50%,,,,,,-25%,^50%,Immune,,Immune,,,^50%,,-25%,Immune,Immune,,,,,
C,180,Cureslime,1,Slime,,,,,^50%,-25%,,,,,Immune,Immune,,,,,,^50%,,-25%,,,,,,Immune,,Immune
C,181,Metal Dragon,1,Dragon,,,,,,,^50%,,,-25%,Immune,^50%,-25%,,,,,,-25%,,^50%,Immune,,Immune,,,,Immune
C,182,Barracuda,1,Nature,,^50%,,^50%,,,-25%,,^50%,,,,-25%,-25%,-25%,^50%,-25%,,,-25%,^50%,,Immune,,Immune,,,
C,183,Pipit,1,Nature,,^50%,Immune,,Immune,,-25%,,,,,,,,-25%,^50%,,,,-25%,^50%,,Immune,,Immune,,,
C,184,Half Hog,2,Beast,^50%,,,-25%,,,,,,,^50%,,Immune,^50%,Immune,^50%,-25%,-25%,,^50%,,,,Immune,,,Immune,
C,185,Diemon,1,Beast,^50%,,,-25%,,,,,,,,,Immune,Immune,^50%,,-25%,-25%,,^50%,,,,,,,Immune,
C,186,Golem,1,Material,,,-25%,,,,,,,^50%,Immune,,,-25%,^50%,^50%,^50%,,-25%,,Immune,,,,,,,
C,187,Erazor Blade,1,Demon,,,,Immune,,,,,,,,,,^50%,Immune,-25%,,,,^50%,-25%,,,Immune,,Immune,,
C,188,Cerberwretch,1,Zombie,^50%,,,,,^50%,,^50%,,,,-25%,^50%,Immune,,Immune,,,^50%,,-25%,,,,,,,^50%
C,189,Cyber Slime,1,Slime,,,,,^50%,-25%,,,,,,Immune,,Immune,,,,^50%,Immune,-25%,,,,Immune,-25%,^50%,,Immune
C,190,Liquid Metal Slime,1,Slime,Immune,Immune,Immune,Immune,Immune,Immune,Immune,Immune,Immune,Immune,Immune,Immune,Immune,Immune,,Immune,Immune,^50%,,,,Immune,Immune,Immune,,^25%,Immune,Immune
C,191,Drag-Goof,1,Dragon,,,,Immune,,,^50%,,,-25%,,^50%,-25%,-25%,,,,,-25%,,^50%,Immune,Immune,Immune,,,,
C,192,Yabby,1,Nature,,^50%,,,,,-25%,,,,-25%,,,Immune,-25%,^50%,,,Immune,-25%,^50%,,Immune,,Immune,,,
C,193,Lleviathan ,3,Nature,,^50%,,,,,-25%,,,,Immune,,Immune,Immune,Immune,Immune,Immune,,,-25%,^50%,,Immune,,Immune,,,
C,194,Notso Macho,1,Beast,^50%,,,-25%,,,,,,Immune,,,Immune,-25%,^50%,,-25%,-25%,,^50%,,,Immune,,,,Immune,
C,195,Missing Lynx,3,Beast,^50%,,Absorb,-25%,,,,,,,Immune,,Immune,Immune,Immune,^50%,Immune,-25%,,^50%,,,,,,,Immune,
C,196,Gryphon,1,Demon,,,,^50%,-25%,,,,,,,,,^50%,Immune,-25%,,,,^50%,-25%,,,,,Immune,,Immune
C,197,Grim Keeper,1,Demon,Immune,,,^50%,-25%,,,,,,,,,^50%,Immune,-25%,,,,^50%,-25%,,,Immune,,Immune,,
B,198,Magic Slime,1,Slime,,,,,^25%,Immune,,,,,,Immune,,,,,,^50%,,-25%,,,,,-25%,^50%,,Immune
B,199,Great Argon Lizard,1,Dragon,,,,,,,^50%,Immune,,-25%,,Immune,-25%,,,,,,-25%,,^50%,Immune,,Immune,,,,
B,200,Mandrake Marshal ,1,Dragon,,,,,,,^50%,,,-25%,,^50%,-25%,,,,,,-25%,,^50%,Immune,,Immune,,-25%,Immune,
B,201,Beetleboy,1,Nature,-25%,^50%,,,,,-25%,,,,,,,,-25%,^50%,Immune,,,-25%,^50%,,Immune,,Immune,,Immune,
B,202,Firebird,1,Beast,Absorb,,,-25%,,,,Absorb,-25%,,,,Immune,,^50%,,-25%,-25%,,^50%,,,,,,,Immune,
B,203,Magmalice,1,Material,Absorb,,-25%,-25%,,,,Absorb,-25%,^50%,Immune,,,-25%,,,^50%,^50%,-25%,,Immune,,,,,,,
B,204,Captain Catastrophe,1,Demon,,,,^50%,-25%,,Immune,,,,,,-25%,^50%,Immune,-25%,-25%,,,^50%,-25%,,,,,Immune,,
B,205,Phantom Swordsman,1,Zombie,-25%,,,,-25%,^50%,,,,,Immune,-25%,^50%,^50%,^50%,^50%,^50%,,^50%,,-25%,,,,,,,
B,206,Skeleton Soldier,1,Zombie,-25%,,,,,^50%,,,,,Immune,-25%,^50%,Immune,Immune,Immune,,,^50%,,-25%,,,,,,,
B,207,Dark Slime,1,Slime,,,,,,Absorb,,,,,,Immune,,,,,,^50%,,-25%,,,,,-25%,^50%,,Immune
B,208,Tyrantosaurus,1,Dragon,,,,,,,^50%,,,-25%,,^50%,-25%,,,,,Immune,-25%,-25%,^50%,Immune,,Immune,,,,
B,209,Compos Mantis,1,Nature,,^50%,,,,,-25%,,,,,,Immune,Immune,-25%,^50%,,,,-25%,^50%,,Immune,,Immune,,,
B,210,Cockateer,1,Beast,^50%,,Immune,-25%,,,,,,,,,Immune,,^50%,,-25%,-25%,,^50%,,,,Immune,,-25%,Immune,
B,211,Stainless Scrapper,1,Material,,,-25%,,Immune,,,,,^50%,Immune,,,-25%,,,^50%,^50%,-25%,,Immune,,,,,,,
B,212,Fallen Priest,1,Demon,,,,^50%,-25%,,,,,,,,,^50%,Immune,-25%,,,,^50%,-25%,,,,,Immune,,Immune
B,213,Grim Rider,1,Zombie,-25%,,,,-25%,^50%,,,,,,-25%,^50%,^50%,^50%,^50%,Immune,,^50%,,-25%,,,,,,,
B,214,SoulSpawn,1,Zombie,-25%,,,,-25%,^50%,Immune,,,,Immune,,^50%,Immune,,Immune,,,^50%,,-25%,,,,,,,
B,215,Rotten Egg,1,Slime,,,,,Immune,Immune,,,,,,Immune,,,,,,^50%,,-25%,,,,,Immune,^25%,,Immune
B,216,Ethereal Serpent,2,Dragon,,,-25%,-25%,,,^50%,Immune,,-25%,^50%,^50%,-25%,^50%,^50%,^50%,^50%,,-25%,,^50%,Immune,,Immune,,,,
B,217,Giant Moth,1,Nature,-25%,^50%,,,,,-25%,,,,,Immune,,,-25%,^50%,,,,-25%,^50%,,Immune,,Immune,,,
B,218,Pink Sanguini,1,Beast,^50%,,,-25%,,,,,,,Immune,,Immune,Immune,Immune,Immune,Immune,-25%,,Immune,,,Immune,,,,Immune,
B,219,Mimic,1,Material,,,-25%,,,,,,,^50%,Immune,,,-25%,,,^50%,^50%,-25%,,Immune,,,,,,,Immune
B,220,Juggular,1,Demon,,,,^50%,-25%,,,,,,,,,^50%,Immune,-25%,,,,^50%,-25%,,Immune,,,Immune,,
B,221,Archdemon,1,Demon,,Immune,,^50%,-25%,,,,,,Immune,,,^50%,Immune,-25%,,,,^50%,-25%,,,,,Immune,,
B,222,Cross bones,1,Zombie,-25%,,,,,^50%,,,,,,-25%,^50%,Immune,,Immune,,Immune,^50%,,-25%,,,,,,Immune,
B,223,Dark Slime Knight,1,Slime,,,,,^25%,Immune,,,,,,Immune,,,,,,^50%,,-25%,,,,Immune,-25%,^50%,,Immune
B,224,Meglaodon,1,Dragon,,,,,,,^50%,,,-25%,,^50%,-25%,,,,,,-25%,,^50%,Immune,,Immune,,Immune,,Immune
B,225,Frou-Frou,1,Dragon,,,,,,,^50%,Immune,,-25%,Immune,Immune,-25%,,,,,,-25%,,^50%,Immune,,Immune,,,,
B,226,Goreilla,1,Nature,,^50%,,,,,-25%,,,,,Immune,,-25%,-25%,^50%,,Immune,,-25%,^50%,,Immune,,Immune,,,
B,227,Maniacal Mole,1,Beast,^50%,,,-25%,,,,,,,,,Immune,,^50%,,-25%,-25%,,^50%,Immune,,Immune,,,,Immune,
B,228,Squign,1,Beast,^50%,,,-25%,,,,,,,Immune,Immune,Immune,,^50%,,-25%,-25%,,^50%,,,Immune,,,,Immune,
B,229,Corrupt Carter,1,Material,,Immune,-25%,,,,,,,^50%,Immune,,,-25%,,,^50%,^50%,-25%,Immune,Immune,,,,,,Immune,
B,230,Lethal Armour,1,Demon,,,,^50%,-25%,,,,,,,,,Immune,Immune,-25%,,,,^50%,-25%,,,Immune,,Immune,,
B,231,Boss Troll ,2,Demon,,,,^50%,-25%,,-25%,,,,Immune,Immune,,Immune,Immune,-25%,Immune,,,^50%,-25%,,,,,Immune,,
B,232,Jamirus,1,Demon,,,,^50%,-25%,,,,,,Immune,,,^50%,Immune,-25%,,,,^50%,-25%,,,,,Immune,,
B,233,Fright Knight,1,Zombie,-25%,,,Immune,-25%,^50%,,,,,,-25%,^50%,Immune,,Immune,,Immune,^50%,,-25%,,,,,,,
B,234,Ragin' Contagion ,1,Zombie,-25%,,,,,^50%,,,,,Immune,-25%,Immune,Immune,,Immune,,,^50%,,-25%,,,,,,,
B,235,Seedy Weedie,1,Slime,,,,,^50%,-25%,,,,,,Immune,,,,,,^50%,Immune,-25%,Immune,,Immune,,-25%,^50%,,Immune
B,236,Abyss Diver,1,Dragon,,,,,,,Immune,,,-25%,,^50%,-25%,,,,Immune,,-25%,,^50%,Immune,,Immune,,,,
B,237,Dragon Rider,1,Dragon,,,Immune,,,,^50%,,,-25%,Immune,^50%,-25%,,,,,,-25%,,^50%,Immune,,Immune,,,,
B,238,Stark Raven,1,Nature,,^50%,,,,,-25%,,,,Immune,,,,-25%,^50%,,,,-25%,^50%,,Immune,,Immune,,,
B,239,Tantamount,1,Beast,Immune,,,-25%,,,Immune,Immune,,,,,Immune,,^50%,,-25%,-25%,,^50%,,,,,,,Immune,
B,240,Jum,1,Material,,,-25%,,,,,,,^50%,Immune,,^50%,-25%,,,Immune,^50%,-25%,,Immune,,Immune,-25%,,,,
B,241,Knight Aberrant,1,Demon,,,,^50%,-25%,,,,,,,,,^50%,Immune,-25%,,,,^50%,-25%,,Immune,,,Immune,,
B,242,Cobra Cardinal ,1,Zombie,-25%,,,,-25%,^50%,,,,Immune,,-25%,^50%,Immune,,Immune,,,^50%,,-25%,,,,,,,
B,243,King Cureslime,1,Slime,,,,,^50%,-25%,,,,,Immune,Immune,,,,,,^50%,,-25%,,,,,,Immune,,Immune
B,244,Drakularge,1,Dragon,,Immune,,,,,^50%,,,-25%,Immune,^50%,-25%,,,,,,-25%,,^50%,Immune,,Immune,,,,
B,245,Flamethrower,1,Nature,Immune,^50%,,,,,-25%,Immune,,,,,,,-25%,^50%,,,,-25%,^50%,,Immune,,Immune,,,
B,246,Eyevory Tusk-Tusk,2,Beast,^50%,Immune,,-25%,,,,,,,^50%,,Immune,^50%,Immune,,-25%,-25%,,^50%,,,,,,,Immune,
B,247,Bjorn,3,Beast,^50%,,,-25%,Immune,,,,,Immune,Immune,,Immune,Immune,Immune,Immune,Immune,-25%,,^50%,,-25%,,,,,Immune,
B,248,Wishmaster,2,Material,Immune,,-25%,,,,^50%,,,^50%,Immune,,,-25%,^50%,^50%,Immune,^50%,-25%,,Immune,,,Immune,,,,
B,249,High Djinks,1,Demon,,,Immune,^50%,-25%,,,,,Immune,,,,^50%,Immune,-25%,,,,^50%,-25%,,,,,Immune,,
B,250,Wight Knight,1,Zombie,-25%,,,,,^50%,,,,,,-25%,^50%,Immune,Immune,Immune,,,^50%,,-25%,,,Immune,,,,
B,251,Leokid,1,？？？系,^50%,-25%,^50%,,-25%,,,,,,Immune,,^50%,^50%,,^50%,^50%,-25%,^50%,,-25%,,,^50%,^50%,-25%,-25%,
A,252,Tortaceratops,1,Dragon,,Immune,,,,,^50%,,,-25%,,^50%,-25%,,,,,,-25%,,^50%,Immune,,Immune,,,Immune,
A,253,Blizzy Body,1,Nature,,^50%,Immune,,,,-25%,,Immune,,,,,,-25%,^50%,,,,-25%,^50%,,Immune,,Immune,,,
A,254,Gigantes,2,Beast,^50%,,,-25%,,,,,,,Immune,,Immune,^50%,Immune,^50%,-25%,-25%,-25%,^50%,,,Immune,Immune,,,Immune,
A,255,Killing Machine,1,Material,,-25%,-25%,,,,,,,^50%,Immune,,Immune,-25%,,,^50%,^50%,-25%,,Immune,,,,,,,
A,256,Demon-At-Arms,1,Demon,,,,^50%,-25%,Immune,,,,,Immune,,,^50%,Immune,-25%,,-25%,,^50%,-25%,,,,,Immune,,
A,257,Robbin' Hood,1,Demon,,,,^50%,-25%,,,,,,Immune,,,^50%,Immune,-25%,,,,^50%,-25%,,,Immune,,,,
A,258,Wailin' Weed,1,Zombie,-25%,,,^50%,,^50%,,,^50%,,,-25%,^50%,Immune,,Immune,,,^50%,,-25%,,,,,Immune,,
A,259,King Bubble Slime,1,Slime,,,,,^50%,-25%,,,,,,Immune,Immune,,,Immune,,^50%,,-25%,,,,,-25%,^50%,,Immune
A,260,Rashaverak,1,Dragon,,,,,,Immune,^50%,,,-25%,,^50%,-25%,,,,,,-25%,,^50%,Immune,,Immune,,,,
A,261,Wooper Trooper,1,Nature,,^50%,,,Immune,Immune,-25%,,,,,,,,-25%,^50%,,,,-25%,^50%,,Immune,,Immune,,,
A,262,Buffalogre,1,Beast,^50%,,,-25%,,,,,,,Immune,,Immune,Immune,^50%,,-25%,-25%,,^50%,,,,,,,Immune,
A,263,Sytheborg,1,Material,,,-25%,,Immune,,,,,^50%,Immune,,,-25%,,Immune,^50%,^50%,-25%,,Immune,,,,,,,Immune
A,264,Hyperanemon,1,Demon,,,,^50%,-25%,,,,,,,,,^50%,Immune,-25%,,,,^50%,-25%,,,,,Immune,Immune,Immune
A,265,Gigamute,1,Zombie,-25%,,Immune,,,^50%,,,,,,-25%,^50%,Immune,,Immune,,,^50%,,-25%,,,,,,Immune,
A,266,Slime Gang,3,Slime,,,,,^50%,-25%,,,,,Immune,-25%,Immune,,Immune,Immune,Immune,^50%,,-25%,,,Immune,,-25%,^50%,Immune,-25%
A,267,Sintaur,1,Dragon,,,,,,Immune,^50%,,,-25%,,^50%,-25%,,,,,,-25%,,^50%,Immune,,Immune,,,,
A,268,Heligator,1,Nature,,^50%,,,,,-25%,Immune,Immune,,,,,,-25%,^50%,,-25%,,-25%,^50%,,Immune,,Immune,,,
A,269,Marquis De Leon,2,Beast,^50%,,,-25%,,,Absorb,,,-25%,Immune,,Immune,^50%,Immune,^50%,-25%,-25%,,^50%,,Immune,,,,,Immune,
A,270,Balhib,1,Material,,,-25%,,,,,,,^50%,Immune,,,-25%,,,^50%,^50%,-25%,,Immune,,,,Immune,,,
A,271,Conkettes,1,Demon,Immune,,Immune,^50%,-25%,,,,,,,,,^50%,Immune,-25%,,,,^50%,-25%,,Immune,,,Immune,,
A,272,Exorsus,2,Zombie,-25%,Immune,Immune,Immune,Immune,Immune,Immune,,,,Immune,-25%,^50%,^50%,^50%,^50%,^50%,,^50%,,-25%,,,,,,,
A,273,Metal Kaiser Slime ,2,Slime,Immune,Immune,Immune,Immune,Immune,Immune,Immune,Immune,Immune,Immune,Immune,Immune,Immune,Immune,,Immune,Immune,^50%,,,,Immune,Immune,Immune,,^25%,Immune,Immune
A,274,Dual Duellers,2,Dragon,,,,,,,^50%,,,-25%,Immune,^50%,-25%,^50%,^50%,^50%,^50%,,-25%,Immune,^50%,Immune,,Immune,,,Immune,
A,275,Riptide,1,Nature,,^50%,,,,,-25%,,,,,,-25%,-25%,-25%,^50%,-25%,Immune,,-25%,^50%,,Immune,Immune,Immune,,,
A,276,Mohawker,1,Beast,^50%,,,-25%,,,,,,,Immune,,Immune,,^50%,,-25%,-25%,,^50%,,,,,,,Immune,
A,277,Boe,1,Material,,,-25%,,,,,,,^50%,Immune,,^50%,-25%,,,^50%,^50%,-25%,,Immune,Immune,,-25%,,,,
A,278,Gracos,1,Demon,,,,^50%,-25%,,,,,,,,,^50%,Immune,-25%,,,,^50%,-25%,,,,,Immune,,Immune
A,279,Tortured Soul,1,Zombie,-25%,,,,-25%,^50%,,,,,Immune,-25%,^50%,Immune,,Immune,Immune,,^50%,,-25%,,,,,,,
A,280,Great Dragon,1,Dragon,,,,,,,^50%,Immune,Immune,-25%,Immune,^50%,-25%,,,,,,-25%,,^50%,Immune,,Immune,,,,
A,281,Thornella,2,Nature,,^50%,,Immune,,,-25%,-25%,,,Immune,,,^50%,-25%,^50%,^50%,,,-25%,^50%,,Immune,,Immune,,,Immune
A,282,Slon,1,Beast,^50%,,,-25%,,,,Immune,,,,,Immune,,^50%,,-25%,-25%,,^50%,,,Immune,Immune,,,Immune,
A,283,Living Statue,1,Material,,,-25%,,,,,,,^50%,Immune,,,-25%,,,Immune,^50%,-25%,,Immune,,,,,,,
A,284,Mortella,2,Demon,,,,^50%,-25%,,,,Immune,,Immune,,,Immune,^50%,-25%,^50%,,,Immune,,,,-25%,,Immune,,
A,285,Grotwyrm,1,Zombie,-25%,,Immune,Immune,,^50%,,,,,,-25%,^50%,Immune,,Immune,,,^50%,,-25%,,,,,,,
A,286,Ultra Slime,1,Slime,,,Immune,,^50%,-25%,,,,,-25%,,-25%,-25%,-25%,-25%,-25%,Immune,Immune,-25%,,,,,-25%,^50%,,Immune
A,287,Garuda,1,Nature,,^50%,,,,,-25%,,,,,,,,-25%,^50%,,,,-25%,^50%,,Immune,,Immune,Immune,,Immune
A,288,Moosifer,1,Beast,^50%,,,-25%,,,Immune,,,,Immune,,,,^50%,,-25%,-25%,,^50%,,,,,,,Immune,
A,289,Mum,1,Material,,,-25%,,,,,,,^50%,Immune,,^50%,-25%,,,^50%,^50%,-25%,Immune,Immune,,,,,,,
A,290,Baron Von Bellycose,2,Demon,,,Immune,^50%,-25%,Immune,,,,,^50%,,,Immune,^50%,-25%,^50%,,,^50%,-25%,,,,,Immune,,
A,291,Gemon,2,Demon,,,,^50%,-25%,Immune,,,,,^50%,,,Immune,^50%,-25%,^50%,,,Immune,,Immune,,,,Immune,,
A,292,Roseguardin,1,Zombie,-25%,,,,,^50%,,,,Immune,-25%,-25%,^50%,Immune,,Immune,,,^50%,,-25%,,,,,Immune,,
A,293,Night Knight,1,Zombie,-25%,,,Immune,,^50%,,,Immune,,,-25%,^50%,Immune,,Immune,,Immune,^50%,,-25%,,,,,,,
A,294,Nemeslime,1,Slime,-25%,,,Immune,^50%,-25%,,,,,Reflect,,,,,-25%,,Immune,Immune,^50%,,,,,-25%,^50%,,
A,295,Mechanowyrm,1,Dragon,,,,,,,Immune,,,-25%,Immune,^50%,-25%,,,Immune,,,-25%,,^50%,Immune,,Immune,,,,
A,296,Gripevine,2,Nature,,^50%,^50%,,,,-25%,,-25%,^50%,^50%,,Immune,^50%,-25%,Immune,^50%,,,-25%,^50%,,Immune,,Immune,,,
A,297,Alphyn,2,Beast,^50%,Immune,,-25%,,,,,Immune,,Immune,,Immune,^50%,Immune,^50%,-25%,-25%,,^50%,,,,,,,Immune,
A,298,Boh,1,Material,,,-25%,,,,,,,^50%,Immune,,^50%,-25%,,,^50%,^50%,-25%,,Immune,,,,-25%,Immune,,
A,299,Dhuran,1,Demon,,,Immune,^50%,-25%,,,,,,,Immune,,^50%,Immune,-25%,,Immune,,^50%,-25%,,,,,Immune,,
A,300,Belial,1,Demon,,Absorb,,^50%,-25%,,,,,,Immune,,,^50%,Immune,-25%,,,,^50%,-25%,,,,,Immune,,
A,301,Monkey Zombie,1,Zombie,-25%,,,^50%,,^50%,,,^50%,,Immune,-25%,^50%,Immune,,Immune,,,^50%,,-25%,,,,,,,
A,302,Bone Baron,1,Zombie,-25%,,,,,^50%,,,,,Immune,-25%,^50%,Immune,Immune,Immune,,,^50%,,-25%,,,,,,,
A,303,Kon ,1,Nature,,^50%,Immune,,,,-25%,,Immune,,,,,,-25%,^50%,,,,-25%,^50%,,Immune,,Immune,,,
A,304,Drosal Fiend,2,Beast,^50%,,,-25%,,,,,,,Immune,,,Immune,Immune,,-25%,-25%,,^50%,Immune,,,,,,Immune,
A,305,Terracotta Warrior,2,Material,,,-25%,,,,,,,^50%,Immune,,Immune,-25%,Immune,^50%,Immune,^50%,-25%,,Immune,,,,,,,
A,306,Pazuzu,1,Demon,,,,Immune,,,,,,,Immune,,,^50%,Immune,-25%,,,,^50%,-25%,,,,,Immune,,
A,307,Dierantula,2,Zombie,-25%,,,^50%,,Immune,,,^50%,-25%,Immune,-25%,^50%,^50%,^50%,^50%,^50%,,^50%,,,,,,,,,
A,308,Metal King Slime,1,Slime,Immune,Immune,Immune,Immune,Immune,Immune,Immune,Immune,Immune,Immune,Immune,Immune,Immune,Immune,,Immune,Immune,^50%,,,,Immune,Immune,Immune,,^25%,Immune,Immune
A,309,Korol,1,Demon,,Immune,,^50%,-25%,,,,,,,,,^50%,Immune,-25%,,,,^50%,-25%,,,,,Immune,,
A,310,Goreham-Hogg,1,Beast,^50%,,,-25%,,,,Immune,,Immune,,,Immune,,^50%,,-25%,-25%,,^50%,,,,,,,Immune,
A,311,Hootingham-Gore,1,Demon,,,,^50%,-25%,,,,,,,,,^50%,Immune,-25%,,,,^50%,-25%,,,,Immune,Immune,,
A,312,Taurus,2,Beast,^50%,,,-25%,Immune,,,,,Immune,^50%,Immune,Immune,^50%,Immune,^50%,-25%,-25%,,^50%,,,,Immune,,,Immune,
A,313,Capricorn,2,Zombie,-25%,,Immune,Immune,,^50%,,,,,Immune,-25%,^50%,^50%,^50%,^50%,^50%,,^50%,,-25%,,,,,,,
A,314,Stormsgate Citadel,3,Material,,,-25%,,,,,,,Immune,Immune,,Immune,Immune,Immune,Immune,Immune,^50%,-25%,,Immune,,,,-25%,-25%,,
A,315,Empyrea,3,Nature,,^50%,,,Absorb,-25%,-25%,,,,Immune,,Immune,Immune,Immune,Immune,Immune,,,-25%,^50%,,Immune,,Immune,,,
A,316,Stella,1,？？？系,,-25%,^50%,,Absorb,-25%,,,,,Immune,,,,-25%,-25%,,-25%,^50%,,,,,,^50%,-25%,,
A,317,Zoma's Devil,1,？？？系,,-25%,^50%,,,Immune,,,,,Immune,,,,,Immune,,-25%,^50%,,,Immune,,,^50%,-25%,,
S,318,Schleiman Tank,3,Slime,,,,,Immune,-25%,,,,,Reflect,,Immune,Immune,Immune,Immune,Immune,^50%,,-25%,,-25%,,,-25%,^50%,Immune,
S,319,Black Dragon ,1,Dragon,,Immune,,,,Immune,Immune,,,-25%,Immune,^50%,-25%,,,,,,-25%,,^50%,,,,,,,
S,320,Beetlebully,1,Nature,-25%,^50%,,,,,-25%,,,,,,Immune,Immune,-25%,^50%,Immune,,,-25%,^50%,,,,,,,
S,321,Atlas,2,Beast,^50%,,,-25%,,,,,,,Immune,,Immune,^50%,Immune,Immune,-25%,-25%,,^50%,,,,,,,,
S,322,Genie Sanguini,1,Beast,^50%,,,-25%,,,,,,,,Immune,,Immune,Immune,Immune,-25%,-25%,,^50%,,,,,,,,
S,323,Trap Box ,1,Material,,,-25%,,,,,,,^50%,Immune,,Immune,-25%,,Immune,^50%,^50%,-25%,,,,,,,,,
S,324,Dullahan,1,Zombie,-25%,,,,,^50%,,,,,,-25%,^50%,Immune,,Immune,,,^50%,,-25%,,,Immune,,,,
S,325,Shogum,1,Slime,,Immune,,,^50%,-25%,,,,,,,,,^50%,^50%,^50%,Immune,,-25%,,,,Immune,-25%,^50%,,
S,326,Drakulard,1,Dragon,Immune,,,,Immune,,^50%,,,-25%,Immune,^50%,-25%,,,,,,-25%,,^50%,,,,,,,
S,327,King Squid,2,Nature,,^50%,,,,,-25%,,,Immune,^50%,,^50%,Immune,Immune,Immune,Immune,,,-25%,^50%,,,,,,,
S,328,Don Mole,1,Beast,^50%,,,-25%,,,,,,Reflect,,Immune,,-25%,Immune,,-25%,-25%,,^50%,,,,,,,,
S,329,Overkilling Machine,1,Material,,-25%,-25%,,,,,,,^50%,Immune,,Immune,-25%,,,^50%,^50%,-25%,,,,,Immune,,,,
S,330,Aamon,2,Demon,,,,^50%,-25%,,,,,,Immune,,,Immune,^50%,-25%,^50%,,,^50%,-25%,,,,Immune,,,Immune
S,331,Ladja,1,Zombie,-25%,,,,,Immune,,,,,Immune,-25%,^50%,,,,,,^50%,Immune,-25%,,,,,,,
S,332,Twiwinder,2,Dragon,,,,,,,^50%,,,-25%,Immune,^50%,-25%,Immune,Immune,Immune,Immune,,-25%,,^50%,,,,,,,
S,333,Elder Pipit,1,Nature,,^50%,Immune,,Immune,,-25%,,,,,,,,-25%,^50%,,,,-25%,^50%,,,,,Immune,,
S,334,Night Clubber,1,Beast,^50%,,,-25%,,,,,,,Immune,,,,^50%,,-25%,-25%,,^50%,,,,,,,,
S,335,Shild Ogre,1,Material,,Immune,-25%,,,,Immune,,,^50%,Immune,,,-25%,,,^50%,^50%,-25%,,,,,,,,Immune,
S,336,Blackmar,1,Demon,,Immune,,^50%,-25%,,,,,,Immune,,,^50%,,-25%,,,,^50%,-25%,,,,,,Immune,
S,337,Wight King,1,Zombie,-25%,Immune,Immune,Immune,^50%,Immune,Immune,,,,Immune,-25%,^50%,,,,Immune,,^50%,,-25%,,,,,,,
S,338,Slider Girl,2,Slime,,,Immune,Immune,^50%,-25%,,,Immune,,Immune,,Immune,Immune,Immune,Immune,Immune,^50%,,-25%,,,,Immune,-25%,^50%,Immune,
S,339,Alabast Dragon,2,Dragon,,,,,Absorb,,^50%,,Immune,-25%,Immune,^50%,-25%,Immune,Immune,Immune,Immune,,-25%,,^50%,,,,,,,
S,340,Prism Peacock,1,Nature,Immune,^50%,,Immune,,,-25%,Immune,Immune,,,,-25%,-25%,-25%,^50%,-25%,,,-25%,^50%,,,,,,,
S,341,Mossferatu,1,Beast,^50%,,Immune,-25%,,,,,Immune,-25%,,,Immune,,^50%,,-25%,-25%,,^50%,,,,,,,,
S,342,Time Sage,1,Material,,,-25%,Immune,,,,,,^50%,Immune,,,-25%,,,^50%,^50%,-25%,,,,,,,Immune,,
S,343,Titanis,2,Demon,,,,^50%,-25%,,,,,,Immune,,,Immune,Immune,-25%,Immune,,,^50%,-25%,,,,,,,
S,344,Darkonium Slime,2,Slime,Immune,Immune,Immune,Immune,Immune,Immune,Immune,Immune,Immune,Immune,Immune,,Immune,Immune,,Immune,Immune,^50%,,,,Immune,Immune,Immune,,,Immune,Immune
S,345,Bilhaw,2,Dragon,,,,,,,^50%,,,-25%,Immune,^50%,-25%,-25%,-25%,^50%,^50%,,-25%,,^50%,,,,,,,
S,346,Boresby Purrvis,1,Nature,,^50%,,,,Immune,-25%,,,,,Immune,,,-25%,^50%,,,,-25%,^50%,,,Immune,,,Immune,
S,347,Baalzack,2,Beast,Immune,,,-25%,,,Immune,Immune,,,Immune,,,,Immune,,-25%,-25%,,^50%,,,,,,,,
S,348,Dracolord,1,Dragon,,,,,,,Immune,,,-25%,Immune,^50%,-25%,,,,,,-25%,,Immune,,,,Immune,,,Immune
S,349,King Sanguini,2,Beast,^50%,,,-25%,Absorb,,,,,Immune,Immune,,,^50%,Immune,^50%,-25%,-25%,,^50%,,,,,Immune,Immune,,
S,350,Mumboh-Jumboe,1,Material,,,-25%,,,,,,,^50%,Immune,,,-25%,,,Immune,^50%,-25%,,,,,^50%,,,^50%,
S,351,Murdaw,1,Demon,,,,^50%,-25%,Immune,,,,,Immune,,,^50%,,-25%,,,,^50%,-25%,Immune,,,-25%,,,
S,352,Baramos,1,Demon,Immune,Immune,,^50%,-25%,,,,,,Immune,-25%,,^50%,,-25%,,,,^50%,-25%,,,,,,,
S,353,Hargon,1,Demon,,,,^50%,-25%,,,,,,Immune,Immune,,^50%,,-25%,,,,^50%,-25%,,,,Immune,,,
S,354,Malroth,2,Demon,,,-25%,^50%,-25%,Absorb,,,,,Immune,,Immune,Immune,Immune,-25%,Immune,,,^50%,-25%,,,,,,,
S,355,Darck,1,？？？系,,-25%,^50%,,,,,,,,Immune,Immune,,Immune,Immune,Immune,Immune,-25%,^50%,,,Immune,Immune,Immune,^50%,-25%,Immune,Immune
S,356,Tyrannosaurus Wrecks,1,Demon,,,,^50%,-25%,,,,,,Immune,,,^50%,Immune,-25%,Immune,,,^50%,-25%,,,,,,,
S,357,Captain Crow,1,Zombie,-25%,,,,,^50%,,,,,Immune,-25%,^50%,Immune,,Immune,,,^50%,,-25%,,,,,,,
S,358,Grandpa Slime,2,Slime,,,,,^50%,-25%,,,,,Immune,,Immune,Immune,^50%,Immune,Immune,^50%,,-25%,,,,,-25%,^50%,,
S,359,Canzar,3,Slime,Reflect,Reflect,Reflect,Reflect,Reflect,,Reflect,,,,Immune,,Immune,Immune,Immune,Immune,Immune,^50%,,-25%,,,,,-25%,^50%,,
S,360,Khalamari,3,Nature,,^50%,,,,,-25%,,-25%,,Immune,,Immune,Immune,Immune,Immune,Immune,,,-25%,^50%,,,,,Immune,,
S,361,Dholmagus,1,Beast,^50%,^50%,Immune,-25%,-25%,Reflect,,,,,Immune,,,,^50%,,-25%,-25%,,^50%,,,,,,,,
S,362,Uberkilling Machine,1,Material,Immune,,-25%,,,,,,,^50%,Immune,,Immune,-25%,Immune,,^50%,^50%,-25%,,,,,Immune,,,,
S,363,Slime Blaster,3,Slime,Immune,,,Immune,^50%,-25%,,-25%,-25%,,Immune,,Immune,Immune,Immune,Immune,Immune,^50%,,-25%,,,,,-25%,^50%,,
S,364,King Godwyn,3,Zombie,-25%,Immune,,Immune,,Immune,,,Immune,,Immune,-25%,^50%,Immune,Immune,Immune,Immune,,^50%,,-25%,,,,,,,
S,365,Ruin,3,Material,,,-25%,,,,,,,Immune,Immune,,Immune,Immune,Immune,Immune,Immune,^50%,-25%,,,,,,,,,
SS,366,Gem Slime,2,Slime,Immune,Immune,Immune,Immune,Immune,Immune,Immune,Immune,Immune,Immune,Immune,,Immune,Immune,,Immune,Immune,^50%,,,,Immune,Immune,Immune,,^25%,Immune,Immune
SS,367,Dragonlord,2,Dragon,,,,,,,^50%,Immune,Immune,-25%,Immune,^50%,-25%,Immune,Immune,^50%,Immune,,-25%,,^50%,,,,,,,
SS,368,Leopold,1,Nature,,^50%,,,-25%,Absorb,-25%,,,,Immune,,-25%,-25%,-25%,^50%,-25%,Immune,,-25%,^50%,,,,,,,
SS,369,Psaro,2,Material,,-25%,-25%,,,,,,,^50%,Immune,,Immune,^50%,Immune,Immune,Immune,^50%,-25%,,,Immune,,,,,,
SS,370,Robbin's Old Lady,2,Beast,^50%,,Immune,-25%,,Immune,,,Immune,Immune,Immune,,,^50%,Immune,^50%,-25%,-25%,,^50%,,,,,,,,
SS,371,Prince o' Thieves,1,Demon,,,,^50%,-25%,,,,,,Immune,,,^50%,Immune,-25%,,,,^50%,-25%,,,Immune,,,Immune,
SS,372,Nimzo,2,？？？系,,-25%,^50%,,,Absorb,,,,,Immune,,Immune,Immune,Immune,Immune,Immune,-25%,^50%,,,,,,^50%,-25%,,
SS,373,Xiphos,3,Dragon,,,,,,Immune,^50%,,,-25%,Immune,^50%,^50%,Immune,Immune,Immune,Immune,,-25%,,^50%,,,Immune,,,,
SS,374,Diamond Slime,1,Slime,Immune,Immune,Immune,Immune,Immune,Immune,Immune,Immune,Immune,Immune,Immune,,Immune,Immune,,Immune,Immune,^50%,,,,Immune,Immune,Immune,,^25%,Immune,Immune
SS,375,Orochi,3,Dragon,,,,-25%,,,^50%,Immune,,-25%,Immune,^50%,^50%,Immune,Immune,Immune,Immune,,-25%,,^50%,,,,,,,
SS,376,Trode,1,Nature,,^50%,,,,,-25%,Immune,,,Immune,,,,-25%,^50%,,,,-25%,^50%,,,,,Immune,Immune,
SS,377,Pruslas,3,Beast,^50%,,,-25%,,,,,,Immune,Immune,,Immune,Immune,Immune,Immune,Immune,-25%,,^50%,,,,,,,,
SS,378,Trauminator,2,Material,,,-25%,,Immune,,,,,^50%,Immune,,Immune,^50%,Immune,Immune,Immune,^50%,-25%,,,,,Immune,,,,
SS,379,Warubou,1,Demon,,,,^50%,-25%,Absorb,,,,,Immune,,,^50%,,-25%,,,,^50%,-25%,,Immune,,,,,
SS,380,Dr Snapped,2,Zombie,-25%,,,,-25%,Absorb,,,,,,,Immune,Immune,Immune,Immune,Immune,,^50%,,,,,,,,,
SS,381,Zoma,1,？？？系,,-25%,^50%,,-25%,,,,,,Immune,^50%,,,-25%,,,-25%,^50%,,,^50%,,,^50%,Immune,,
SS,382,Liquid Metal Slime King,3,Slime,Immune,Immune,Immune,Immune,Immune,Immune,Immune,Immune,Immune,Immune,Immune,,Immune,Immune,^50%,Immune,Immune,^50%,,,,Immune,Immune,Immune,,^25%,Immune,Immune
SS,383,Barbarus,2,Dragon,,,,,-25%,Absorb,^50%,,Immune,-25%,Immune,^50%,-25%,Immune,Immune,Immune,Immune,,-25%,,^50%,,,,,,,
SS,384,Numen,1,Nature,,^50%,,,Immune,-25%,-25%,,,,Immune,,,,-25%,^50%,,,Immune,^50%,^50%,,,,,,,
SS,385,Fluffy,1,Beast,^50%,,,-25%,Immune,,,,,,Immune,,,,^50%,,-25%,-25%,,^50%,Immune,,,,,,,
SS,386,Schwarzman Tank,3,Material,,,-25%,,,Immune,,,,Immune,Immune,,Immune,Immune,Immune,Immune,Immune,^50%,-25%,,,,,,,,,
SS,387,Mortamor,2,？？？系,,-25%,^50%,,,,,Immune,Immune,,Immune,,Immune,Immune,Immune,Immune,Immune,-25%,^50%,,,,,-25%,^50%,-25%,,
SS,388,Baboon Beast,3,？？？系,^50%,-25%,^50%,,^50%,^50%,^50%,^50%,,,Immune,,Immune,Immune,Immune,Immune,Immune,-25%,^50%,,,,,,^50%,-25%,,
SS,389,Greygnarl,2,Dragon,,,,,Absorb,-25%,^50%,Immune,,-25%,Immune,^50%,-25%,Immune,Immune,Immune,Immune,,-25%,,^50%,,,,,,,
SS,390,Yggdrasil,3,Nature,,^50%,Immune,,,,-25%,,,,Immune,,Immune,Immune,Immune,Immune,Immune,,,-25%,^50%,,,,,,,
SS,391,Sagittar,3,Material,,Immune,-25%,,Immune,,,,,^50%,Immune,,Immune,Immune,Immune,Immune,Immune,^50%,-25%,,,,,,,,-25%,
SS,392,Orgodemir,2,？？？系,,-25%,^50%,,,,,Reflect,Reflect,,Immune,,Immune,^50%,Immune,Immune,Immune,-25%,^50%,,,,-25%,,^50%,-25%,,
SS,393,Gadis,3,？？？系,,-25%,^50%,,,Absorb,,,,,Immune,,Immune,Immune,Immune,Immune,Immune,-25%,^50%,,,,,,^50%,-25%,,
SS,394,Xenlon,2,Dragon,,,,,,,^50%,Reflect,Reflect,-25%,Immune,^50%,-25%,Immune,Immune,Immune,Immune,,-25%,,^50%,,,,,,,
SS,395,Munchie,1,Nature,,^50%,,,Absorb,,-25%,Immune,Immune,,,,,Immune,^50%,Immune,Immune,,,-25%,^50%,Immune,,,,,,
SS,396,Nokturnus,1,Demon,Immune,,,^50%,Immune,Immune,,,,,Immune,,,^50%,,-25%,,Immune,Immune,Immune,,,,,,,,
SS,397,Rhapthorne,1,？？？系,,-25%,^50%,,,Absorb,Immune,,,,Immune,,,,,,,-25%,^50%,,,,^50%,,^50%,-25%,,
SS,398,Dark Robot Slime,3,Slime,Immune,,,Immune,^50%,-25%,,Immune,Immune,,Immune,,Immune,Immune,Immune,Immune,Immune,^50%,,-25%,,,,,-25%,^50%,,
SS,399,Dimensional Dragon,2,Dragon,,,,,,,^50%,,,-25%,Immune,^50%,-25%,Immune,Immune,Immune,Immune,,-25%,,^50%,,,,,,,
SS,400,Aquarion,3,Beast,^50%,,,-25%,,,,,,,Immune,,Immune,Immune,Immune,Immune,Immune,-25%,,^50%,,-25%,,,Immune,,,
SS,401,Estark,3,Material,,,-25%,,,,,,,^50%,Immune,,Immune,Immune,Immune,Immune,^50%,^50%,-25%,,,,,Immune,,,,
SS,402,Rhapthorne II,3,？？？系,,-25%,^50%,,,Absorb,,,,Immune,Immune,,Immune,Immune,Immune,Immune,Immune,-25%,^50%,-25%,,,,,^50%,-25%,,
SS,403,Great Godbird,3,Nature,,^50%,,,Absorb,-25%,-25%,,,,Immune,,Immune,Immune,Immune,Immune,Immune,,,^50%,^50%,,,,,,,
SS,404,Malevolynx,3,？？？系,,-25%,^50%,Immune,,,,,,,Reflect,,Immune,Immune,Immune,Immune,,-25%,^50%,-25%,,,Immune,,^50%,-25%,Immune,
SS,405,Leonyx,3,？？？系,Immune,-25%,^50%,,,,,,,,Reflect,,Immune,Immune,Immune,Immune,Immune,-25%,^50%,,-25%,,,Immune,^50%,-25%,,
SS,406,Rigor Mortex,3,？？？系,,-25%,^50%,,,Immune,Reflect,,,,Immune,,Immune,Immune,Immune,Immune,Immune,-25%,^50%,-25%,,,,,^50%,-25%,,
SS,407,Magarugi,3,？？？系,,-25%,^50%,,Immune,Immune,,,,,Immune,,Immune,Immune,Immune,Immune,Immune,-25%,^50%,,,,,,^50%,-25%,,
SS,408,Corvus,1,？？？系,,-25%,^50%,,Reflect,Reflect,,,,,Immune,,,,,,,-25%,^50%,,,,,,^50%,-25%,,
SS,409,Dragovian Lord,2,Dragon,,,,,,,^50%,Immune,Immune,-25%,Immune,^50%,-25%,Immune,Immune,Immune,Immune,,-25%,,^50%,,,,,,,
SS,410,Zenith Dragon,3,Dragon,,,,,Immune,,^50%,Absorb,Absorb,-25%,Immune,^50%,^50%,Immune,Immune,Immune,Immune,,-25%,,^50%,,,,,,,
SS,411,Evil Beast,3,？？？系,,-25%,^50%,Immune,Immune,Immune,,,Immune,,Immune,,Immune,Immune,Immune,Immune,Immune,-25%,^50%,,,,,,^50%,-25%,,
SS,412,Wulfspade,1,？？？系,,-25%,^50%,,,,,^50%,,,^50%,,^50%,,,^50%,,-25%,^50%,,,,,,^50%,-25%,,^50%
SS,413,Hawkhart,1,？？？系,^50%,,^50%,^50%,^50%,,^50%,,^50%,,^50%,,-25%,-25%,-25%,-25%,-25%,-25%,^50%,,,,,,^50%,-25%,,
SS,414,Cluboon,1,？？？系,,-25%,^50%,,,,,^50%,,,^50%,,^50%,,,,^50%,-25%,^50%,,,,,,^50%,-25%,^50%,
SS,415,Diamagon,1,？？？系,,-25%,^50%,,,,,,^50%,,^50%,,^50%,^50%,,,,-25%,^50%,,,,,^50%,^50%,-25%,,
SS,416,Wulfspade Ace,1,？？？系,,-25%,^50%,,,,,Immune,,,Immune,,Immune,,,Immune,,-25%,^50%,,,,,,^50%,-25%,,Immune
SS,417,Hawkhart Ace,1,？？？系,Immune,^50%,Immune,Immune,Immune,^50%,Immune,,Immune,,Immune,,-25%,-25%,-25%,-25%,-25%,-25%,^50%,,,,,,,-25%,,
SS,418,Cluboon Ace,1,？？？系,,-25%,^50%,,,,,,Immune,,Immune,,Immune,,,,Immune,-25%,^50%,,,,,,^50%,-25%,Immune,
SS,419,Diamagon Ace,1,？？？系,,-25%,^50%,,,,,,Immune,,Immune,,Immune,Immune,,,,-25%,^50%,,,,,Immune,^50%,-25%,,
SS,420,Ace of Spades,1,？？？系,,-25%,^50%,,-25%,Absorb,,Immune,,,Immune,,,,,,,-25%,^50%,,,,,,^50%,-25%,,
SS,421,Wildcard,1,？？？系,,-25%,^50%,,Absorb,-25%,,Immune,,,-25%,,,,,,Reflect,-25%,^50%,,,,,,^50%,-25%,,Immune
