Result,Rank,Family,Monster 1,Monster 2,Monster 3,Monster 4,Notes
Mottle Slime,E,Slime,Slime,She-Slime,,,Kind synthesis
Beshemoth Slime,D,Slime,Behemoth Slime,She-Slime,,,Kind synthesis
Metal Slime Knight,D,Slime,Metal Slime,Demonrider,,,Kind synthesis
Metal Slime Knight,D,Slime,Metal Slime,Slime Knight,,,Kind synthesis
Mottle King Slime,D,Slime,Mottle Slime,Mottle Slime,Mottle Slime,Mottle Slime,4G / grandparent synthesis
Mottle King Slime,D,Slime,Behemoth Slime,Beshemoth Slime,,,Kind synthesis
Mottle King Slime,D,Slime,Gold Golem,Scorpion,,,Non-rank synthesis
Cureslime,C,Slime,Healslime,Beshemoth Slime,,,Kind synthesis
King Slime,C,Slime,Behemoth Slime,Behemoth Slime,,,Kind synthesis
Liquid Metal Slime,C,Slime,Metal Slime,Metal Slime,,,Kind synthesis
Liquid Metal Slime,C,Slime,Lleviathan,Missing Lynx,,,Non-rank synthesis
Dark Slime Knight,B,Slime,Dark Slime,Demonrider,,,Kind synthesis
Dark Slime Knight,B,Slime,Dark Slime,Slime Knight,,,Kind synthesis
King Cureslime,B,Slime,King Slime,King Slime,,,Kind synthesis
Rotten Egg,B,Slime,Bad Egg,Mottle King Slime,,,Kind synthesis
King Bubble Slime,A,Slime,Bubble Slime,Bubble Slime,King Slime,King Slime,4G / grandparent synthesis
Metal Kaiser Slime,A,Slime,Metal Slime Knight,Metal Slime Knight,King Cureslime,King Cureslime,4G / grandparent synthesis
Metal King Slime,A,Slime,Liquid Metal Slime,Liquid Metal Slime,Liquid Metal Slime,Liquid Metal Slime,4G / grandparent synthesis
Metal King Slime,A,Slime,King Korol,Goreham-Hogg,,,Non-rank synthesis
Ultra Slime,A,Slime,Garuda,Moosifer,,,Non-rank synthesis
Canzar,S,Slime,Gem Slime,Gem Slime,Dark Crab,Dark Crab,4G / grandparent synthesis
Darkonium Slime,S,Slime,Beshemoth Slime,Beshemoth Slime,Metal King Slime,Metal King Slime,4G / grandparent synthesis
Grandpa Slime,S,Slime,King Cureslime,King Cureslime,Metal Kaiser Slime,Metal Kaiser Slime,4G / grandparent synthesis
Shogum,S,Slime,Metal Kaiser Slime,Metal Kaiser Slime,,,Kind synthesis
Shogum,S,Slime,Drakulard,King Squid,,,Non-rank synthesis
Slime Blaster,S,Slime,King Godwyn II,Ruin,,,Non-rank synthesis
Dark Mecha-Slime,SS,Slime,Dimensional Dragon,Aquarion,,,Non-rank synthesis
Diamond Slime,SS,Slime,Gem Slime,Gem Slime,Darkonium Slime,Darkonium Slime,4G / grandparent synthesis
Gem Slime,SS,Slime,Grandpa Slime,Grandpa Slime,Balhib,Balhib,4G / grandparent synthesis
Gem Slime,SS,Slime,Dragonlord,Leopold,,,Non-rank synthesis
Liquid Metal King Slime,SS,Slime,Slime Blaster,Diamond Slime,,,Kind synthesis
Drag Racer,E,Dragon,Komodo,Argon Lizard,,,Kind synthesis
Drag Racer,E,Dragon,Komodo,Frou-Fry,,,Kind synthesis
Green Dragon,E,Dragon,Small Fry,Small Fry,,,Kind synthesis
Metal Dragon,C,Dragon,Red Dragon,Hunter Mech,,,Kind synthesis
Metal Dragon,C,Dragon,Pipit,Diemon,,,Non-rank synthesis
Sea Dragon,C,Dragon,Seasaur,Eveel,,,Kind synthesis
Sea Dragon,C,Dragon,Seasaur,Sentripede,,,Kind synthesis
Sea Dragon,C,Dragon,Octagoon,King Slime,,,Non-rank synthesis
Dragon Rider,B,Dragon,Drag-goof,Demonrider,,,Kind synthesis
Dragon Rider,B,Dragon,Drag-goof,Slime Knight,,,Kind synthesis
Dragon Rider,B,Dragon,Tantamount,Cobra Cardinal,,,Non-rank synthesis
Ethereal Serpent,B,Dragon,Boreal Serpent,Boreal Serpent,Boreal Serpent,Boreal Serpent,4G / grandparent synthesis
Frou-Frou,B,Dragon,Frou-Fry,Frou-Fry,Frou-Fry,Frou-Fry,4G / grandparent synthesis
Great Argon Lizard,B,Dragon,Argon Lizard,Argon Lizard,Argon Lizard,Argon Lizard,4G / grandparent synthesis
Mandrake Marshal,B,Dragon,Phantom Fencer,Red Dragon,,,Kind synthesis
Dual Duellers,A,Dragon,Riptide,Mohawker,,,Non-rank synthesis
Great Dragon,A,Dragon,Rashaverak,Alphyn,,,Kind synthesis
Great Dragon,A,Dragon,Rashaverak,Sintaur,,,Kind synthesis
Great Dragon,A,Dragon,Rashaverak,Tortoceratops,,,Kind synthesis
Great Dragon,A,Dragon,Rashaverak,Wishmaster,,,Kind synthesis
Great Dragon,A,Dragon,Thornella,Slon The Rook,,,Non-rank synthesis
Mechanowyrm,A,Dragon,Metal Dragon,Great Dragon,,,Kind synthesis
Mechanowyrm,A,Dragon,Metal Dragon,Rashaverak,,,Kind synthesis
Rashaverak,A,Dragon,Great Argon Lizard,Great Argon Lizard,Frou-Frou,Frou-Frou,4G / grandparent synthesis
Sintaur,A,Dragon,Knight Aberrant,Dragon Rider,,,Kind synthesis
Sintaur,A,Dragon,Knight Aberrant,Drakularge,,,Kind synthesis
Sintaur,A,Dragon,Knight Aberrant,Mandrake Marshal,,,Kind synthesis
Sintaur,A,Dragon,Knight Aberrant,Tortoceratops,,,Kind synthesis
Alabast Dragon,S,Dragon,Mechanowyrm,Drakulard,,,Kind synthesis
Alabast Dragon,S,Dragon,Prism Peacock,Mossferatu,,,Non-rank synthesis
Bilhaw,S,Dragon,Balhib,Beetlebully,,,Kind synthesis
Bilhaw,S,Dragon,Balhib,Black Dragon,,,Kind synthesis
Bilhaw,S,Dragon,Goresby-Purrvis,Baalzack,,,Non-rank synthesis
Black Dragon,S,Dragon,Great Dragon,Bone Baron,,,Kind synthesis
Black Dragon,S,Dragon,Great Dragon,Gemon,,,Kind synthesis
Dracolord,S,Dragon,Great Dragon,Demon-At-Arms,,,Kind synthesis
Dracolord,S,Dragon,King Sanguini,Mumboh-Jumboe,,,Non-rank synthesis
Drakulard,S,Dragon,Drakularge,Atlas,,,Kind synthesis
Drakulard,S,Dragon,Drakularge,Belial,,,Kind synthesis
Drakulard,S,Dragon,Drakularge,Pazuzu,,,Kind synthesis
Tri Winder,S,Dragon,Octavian Sentry,Great Dragon,,,Kind synthesis
Tri Winder,S,Dragon,Octavian Sentry,Rashaverak,,,Kind synthesis
Dragonlord,SS,Dragon,Dracolord,Alabast Dragon,,,Kind synthesis
Dragovian Lord,SS,Dragon,Dragonlord,Rhapthorne II,,,Kind synthesis
Greygnarl,SS,Dragon,Barbarus,Dragovian Lord,,,Kind synthesis
Orochi,SS,Dragon,Tri Winder,Tri Winder,Bilhaw,Bilhaw,4G / grandparent synthesis
Orochi,SS,Dragon,Trode,Pruslas,,,Non-rank synthesis
Xenlon,SS,Dragon,Greygnarl,Dimensional Dragon,,,Kind synthesis
Xenlon,SS,Dragon,Greygnarl,Prism Peacock,,,Kind synthesis
Xenlon,SS,Dragon,Greygnarl,Yggdrasil,,,Kind synthesis
Xiphos,SS,Dragon,Captain Crow,Nokturnus,,,Kind synthesis
Zenith Dragon,SS,Dragon,Dragonlord,Xenlon,,,Kind synthesis
Scissor Beatle,F,Nature,Army Ant,Pocus Poppet,,,Kind synthesis
Wild Boarfish,D,Nature,Metal Slime,Jailcat,,,Non-rank synthesis
Wormonger,D,Nature,Hades Condor,Mortoad,,,Non-rank synthesis
Great Sabrecat,C,Nature,Great Sabrecub,Great Sabrecub,Great Sabrecub,Great Sabrecub,4G / grandparent synthesis
Great Sabrecat,C,Nature,Gargoyle,Great Dracky,,,Non-rank synthesis
Lleviathan,C,Nature,Sea Dragon,Missing Lynx,,,Kind synthesis
Lleviathan,C,Nature,Sea Dragon,Wormonger,,,Kind synthesis
Treeface,C,Nature,Stump Chump,Stump Chump,Capsichum,Capsichum,4G / grandparent synthesis
Treeface,C,Nature,Stump Chump,Stump Chump,Mental Pitcher,Mental Pitcher,4G / grandparent synthesis
Yabby,C,Nature,Crabid,Crabid,,,Kind synthesis
Beetleboy,B,Nature,Scissor Beatle,Scissor Beatle,Scissor Beatle,Scissor Beatle,4G / grandparent synthesis
Compos Mantis,B,Nature,Scorpion,Sentripede,,,Kind synthesis
Flamethrower,B,Nature,Grim Keeper,Firebird,,,Kind synthesis
Blizzybody,A,Nature,Grim Keeper,Snowbird,,,Kind synthesis
Garuda,A,Nature,Hades Condor,Heligator,,,Kind synthesis
Gripevine,A,Nature,Marquis De Léon,Hyper Heyedra,,,Kind synthesis
Gripevine,A,Nature,Alphyn,Boh,,,Non-rank synthesis
Heligator,A,Nature,Paws,Megalodon,,,Kind synthesis
Heligator,A,Nature,Marquis De Léon,Balhib,,,Non-rank synthesis
Kon The Knight,A,Nature,Bone Baron,Mandrake Marshal,,,Kind synthesis
Riptide,A,Nature,Heligator,Beetleboy,,,Kind synthesis
Riptide,A,Nature,Heligator,Jumping Jackal,,,Kind synthesis
Riptide,A,Nature,Heligator,Prickly Prankster,,,Kind synthesis
Beetlebully,S,Nature,Beetleboy,Beetleboy,Beetleboy,Beetleboy,4G / grandparent synthesis
Beetlebully,S,Nature,Beetleboy,Metal King Slime,,,Kind synthesis
Beetlebully,S,Nature,Atlas,Genie Sanguini,,,Non-rank synthesis
Elder Pipit,S,Nature,Night Clubber,Escudogre,,,Non-rank synthesis
Goresby-Purrvis,S,Nature,Great Sabrecat,Ladja,Roseguardin,Demon-At-Arms,4G / grandparent synthesis
Khalamari,S,Nature,Khalamari Kid,Khalamari Kid,King Squid,King Squid,4G / grandparent synthesis
Khalamari,S,Nature,Dhoulmagus,Uberkilling Machine,,,Non-rank synthesis
King Squid,S,Nature,Heligator,Gigalumph,,,Kind synthesis
King Squid,S,Nature,Heligator,Gracos,,,Kind synthesis
Prism Peacock,S,Nature,Firebird,Firebird,Snowbird,Snowbird,4G / grandparent synthesis
Prism Peacock,S,Nature,Pipit,Garuda,,,Kind synthesis
Great Godbird,SS,Nature,Dragovian Lord,Empyrea,,,Kind synthesis
Leopold,SS,Nature,Dhoulmagus,Cerberwretch,,,Kind synthesis
Leopold,SS,Nature,Dhoulmagus,Chainine,,,Kind synthesis
Munchie,SS,Nature,Greygnarl,Fluffy,,,Kind synthesis
Numen,SS,Nature,Fluffy,Schwarzman Tank,,,Non-rank synthesis
Trode,SS,Nature,Darck,Don Mole,Rottney,King Sanguini,4G / grandparent synthesis
Yggdrasil,SS,Nature,Fluffy,Rottney,,,Kind synthesis
Yggdrasil,SS,Nature,Sagittar,Orgodemir,,,Non-rank synthesis
Snowbird,E,Beast,Florajay,Boreal Serpent,,,Kind synthesis
Snowbird,E,Beast,Florajay,Powie Yowie,,,Kind synthesis
Snowbird,E,Beast,Florajay,Snowmangler,,,Kind synthesis
Brownie,D,Beast,Sentripede,Beshemoth Slime,,,Non-rank synthesis
Diemon,C,Beast,Winky,Winky,Winky,Winky,4G / grandparent synthesis
Mortoad,C,Beast,Frogface,Discombombulator,,,Kind synthesis
Bjorn,B,Beast,Wight Knight,Leokid,,,Non-rank synthesis
Cockateer,B,Beast,Phantom Fencer,Hades Condor,,,Kind synthesis
Eyevory Tusk-Tusk,B,Beast,Diemon,Lleviathan,,,Kind synthesis
Eyevory Tusk-Tusk,B,Beast,Half Hog,Lleviathan,,,Kind synthesis
Eyevory Tusk-Tusk,B,Beast,Notso Macho,Lleviathan,,,Kind synthesis
Firebird,B,Beast,Hades Condor,Dancing Flame,,,Kind synthesis
Pink Sanguini,B,Beast,Teeny Sanguini,Teeny Sanguini,Teeny Sanguini,Teeny Sanguini,4G / grandparent synthesis
Squign,B,Beast,Corrupt Carter,Boss Troll,,,Non-rank synthesis
Tantamount,B,Beast,Grim Rider,Firebird,,,Kind synthesis
Alphyn,A,Beast,Marquis De Léon,Moosifer,,,Kind synthesis
Buffalogre,A,Beast,Damned Ram,Damned Ram,Damned Ram,Damned Ram,4G / grandparent synthesis
Gigantes,A,Beast,Lleviathan,Boss Troll,,,Kind synthesis
Gigantes,A,Beast,Lleviathan,Cross Eye,,,Kind synthesis
Goreham-Hogg,A,Beast,Mohawker,Slon The Rook,,,Kind synthesis
Marquis De Léon,A,Beast,Eyevory Tusk-Tusk,Eyevory Tusk-Tusk,,,Kind synthesis
Marquis De Léon,A,Beast,Mohawker,Buffalogre,,,Kind synthesis
Mohawker,A,Beast,Wishmaster,Great Sabrecat,,,Kind synthesis
Mohawker,A,Beast,Wishmaster,Sintaur,,,Kind synthesis
Mohawker,A,Beast,Wishmaster,Wild Slime,,,Kind synthesis
Moosifer,A,Beast,Buffalogre,Damned Ram,,,Kind synthesis
Slon The Rook,A,Beast,Buffalogre,Mandrake Marshal,,,Kind synthesis
Taurus,A,Beast,Buffalogre,Gigantes,,,Kind synthesis
Atlas,S,Beast,Gigantes,Gigantes,Gigantes,Gigantes,4G / grandparent synthesis
Atlas,S,Beast,Gigantes,Garuda,,,Kind synthesis
Atlas,S,Beast,Gigantes,Moosifer,,,Kind synthesis
Baalzack,S,Beast,Gigantes,Belial,,,Kind synthesis
Baalzack,S,Beast,Gigantes,Drakularge,,,Kind synthesis
Baalzack,S,Beast,Gigantes,Great Argon Lizard,,,Kind synthesis
Dhoulmagus,S,Beast,Alabast Dragon,Tyrannosaurus Wrecks,,,Kind synthesis
Don Mole,S,Beast,Mischievous Mole,Mischievous Mole,Night Clubber,Night Clubber,4G / grandparent synthesis
Don Mole,S,Beast,Overkilling Machine,Aamon,,,Non-rank synthesis
King Sanguini,S,Beast,Pink Sanguini,Genie Sanguini,Pipit,Elder Pipit,4G / grandparent synthesis
Mossferatu,S,Beast,Baron Von Bellycose,Gigalumph,,,Kind synthesis
Night Clubber,S,Beast,Boss Troll,Drakularge,,,Kind synthesis
Night Clubber,S,Beast,Boss Troll,Frou-Frou,,,Kind synthesis
Night Clubber,S,Beast,Boss Troll,Pazuzu,,,Kind synthesis
Aquarion,SS,Beast,Gracos,Nokturnus,,,Kind synthesis
Pruslas,SS,Beast,Ruin,Alabast Dragon,,,Kind synthesis
Pruslas,SS,Beast,Ruin,Atlas,,,Kind synthesis
Pruslas,SS,Beast,Ruin,Drakulard,,,Kind synthesis
Frostburn,F,Material,Dancing Flame,Boreal Serpent,,,Kind synthesis
Frostburn,F,Material,Dancing Flame,Powie Yowie,,,Kind synthesis
Dancing Flame,E,Material,Frostburn,Firespirit,,,Kind synthesis
Dancing Flame,E,Material,Frostburn,Spitnik,,,Kind synthesis
Goodybag,E,Material,Bag O' Laughs,Bag O' Laughs,,,Kind synthesis
Anchorman,D,Material,Rockin' Rockhopper,Foo Dog,,,Non-rank synthesis
Cannibox,D,Material,Bag O' Laughs,Rockbomb,,,Kind synthesis
Firn Fiend,D,Material,Snowbird,Golem,,,Kind synthesis
Gold Golem,D,Material,Golem,Gem Slime,,,Kind synthesis
Gold Golem,D,Material,Golem,Goodybag,,,Kind synthesis
Cumulus Rex,C,Material,Dancing Flame,Frostburn,,,Kind synthesis
Cumulus Rex,C,Material,Hunter Mech,Robbin' Huddle,,,Non-rank synthesis
Golem,C,Material,Mud Mannequin,Mud Mannequin,Mud Mannequin,Mud Mannequin,4G / grandparent synthesis
Octagoon,C,Material,Damned Ram,Foo Dog,,,Kind synthesis
Puppeteer,C,Material,Slime,Lump Wizard,,,Kind synthesis
Automaton,B,Material,Hunter Mech,Hunter Mech,,,Kind synthesis
Corrupt Carter,B,Material,Chariot Chappie,Chariot Chappie,Chariot Chappie,Chariot Chappie,4G / grandparent synthesis
Magmalice,B,Material,Firebird,Golem,,,Kind synthesis
Mimic,B,Material,Cannibox,Cannibox,Cannibox,Cannibox,4G / grandparent synthesis
Wishmaster,B,Material,Diemon,Golem,,,Kind synthesis
Wishmaster,B,Material,Half Hog,Golem,,,Kind synthesis
Wishmaster,B,Material,Notso Macho,Golem,,,Kind synthesis
Balhib,A,Material,Golem,Golem,Gold Golem,Gold Golem,4G / grandparent synthesis
Balhib,A,Material,Magmalice,Firn Fiend,Golem,Gold Golem,4G / grandparent synthesis
Balhib,A,Material,Magmalice,Magmalice,Firn Fiend,Firn Fiend,4G / grandparent synthesis
Boe,A,Material,Gracos,Tortured Soul,,,Non-rank synthesis
Killing Machine,A,Material,Hunter Mech,Hunter Mech,Hunter Mech,Hunter Mech,4G / grandparent synthesis
Killing Machine,A,Material,Slime Gang,Sintaur,,,Non-rank synthesis
Living Statue,A,Material,Golem,Golem,Golem,Golem,4G / grandparent synthesis
Living Statue,A,Material,Mortella,Grotwyrm,,,Non-rank synthesis
Mum,A,Material,Baron Von Bellycose,Gemon,,,Non-rank synthesis
Scytheborg,A,Material,Juggular,Cyber Slime,,,Kind synthesis
Stormsgate Citadel,A,Material,Empyrea,Stella,,,Non-rank synthesis
Terracotta Warrior,A,Material,Pocus Poppet,Pocus Poppet,Pocus Poppet,Pocus Poppet,4G / grandparent synthesis
Terracotta Warrior,A,Material,Pazuzu,Dierantula,,,Non-rank synthesis
Escudogre,S,Material,Scytheborg,Living Statue,,,Kind synthesis
Escudogre,S,Material,Scytheborg,Terracotta Warrior,,,Kind synthesis
Escudogre,S,Material,Scytheborg,Trap Box,,,Kind synthesis
Mumboh-Jumboe,S,Material,Mum,Boh,Jum,Boe,4G / grandparent synthesis
Overkilling Machine,S,Material,Balhib,Balhib,Killing Machine,Killing Machine,4G / grandparent synthesis
Ruin,S,Material,Mumboh-Jumboe,Gold Golem,,,Kind synthesis
Ruin,S,Material,Mumboh-Jumboe,Living Statue,,,Kind synthesis
Ruin,S,Material,Stormsgate Citadel,Gold Golem,,,Kind synthesis
Ruin,S,Material,Stormsgate Citadel,Living Statue,,,Kind synthesis
The Time Being,S,Material,Fallen Priest,Fallen Priest,Tortured Soul,Tortured Soul,4G / grandparent synthesis
The Time Being,S,Material,Titanis,Darkonium Slime,,,Non-rank synthesis
Trap Box,S,Material,Mimic,Mimic,Cannibox,Metal Kaiser Slime,4G / grandparent synthesis
Trap Box,S,Material,Mimic,Mimic,Mechanowyrm,Mechanowyrm,4G / grandparent synthesis
Trap Box,S,Material,Robbin' Hood,Dullahan,,,Non-rank synthesis
Estark,SS,Material,Titanis,Xiphos,,,Kind synthesis
Estark,SS,Material,Rhapthorne II,Corvus,,,Non-rank synthesis
Psaro,SS,Material,Blackmar,Ruin,,,Kind synthesis
Psaro,SS,Material,Robbin's Old Lady,Prince O' Thieves,,,Non-rank synthesis
Sagittar,SS,Material,Trauminator,Overkilling Machine,Killing Machine,Automaton,4G / grandparent synthesis
Sagittar,SS,Material,Trauminator,Overkilling Machine,Killing Machine,Trap Box,4G / grandparent synthesis
Sagittar,SS,Material,Uberkilling Machine,Uberkilling Machine,,,Kind synthesis
Trauminator,SS,Material,Overkilling Machine,Ruin,,,Kind synthesis
Trauminator,SS,Material,Rottney,Dr Snapped,,,Non-rank synthesis
Conklave,F,Demon,Scissor Beatle,Demonrider,,,Non-rank synthesis
Great Dracky,C,Demon,Dracky,Dracky,Dracky,Dracky,4G / grandparent synthesis
Grim Keeper,C,Demon,Aggrosculpture,Erazor Blade,,,Kind synthesis
Grim Keeper,C,Demon,Aggrosculpture,Gryphon,,,Kind synthesis
Grim Keeper,C,Demon,Aggrosculpture,Octavian Sentry,,,Kind synthesis
Grim Keeper,C,Demon,Aggrosculpture,Prickly Prankster,,,Kind synthesis
Grim Keeper,C,Demon,Great Argon Lizard,Beetleboy,,,Non-rank synthesis
Archdemon,B,Demon,Dessert Demon,Dessert Demon,Dessert Demon,Dessert Demon,4G / grandparent synthesis
Boss Troll,B,Demon,Diemon,Gorerilla,,,Kind synthesis
Boss Troll,B,Demon,Half Hog,Gorerilla,,,Kind synthesis
Boss Troll,B,Demon,Notso Macho,Gorerilla,,,Kind synthesis
Fallen Priest,B,Demon,Wrecktor,Puppeteer,,,Kind synthesis
High Djinks,B,Demon,Malevolamp,Cumulus Rex,,,Kind synthesis
Jamirus,B,Demon,Gryphon,Grim Keeper,,,Kind synthesis
Jamirus,B,Demon,Ragin' Contagion,Seedy Weedie,,,Non-rank synthesis
Juggular,B,Demon,Frou-Frou,Maniacal Mole,,,Non-rank synthesis
Knight Aberrant,B,Demon,Restless Armour,Hacksaurus,,,Kind synthesis
Baron Von Bellycose,A,Demon,High Djinks,Archdemon,,,Kind synthesis
Baron Von Bellycose,A,Demon,High Djinks,Boss Troll,,,Kind synthesis
Baron Von Bellycose,A,Demon,High Djinks,Fallen Priest,,,Kind synthesis
Belial,A,Demon,Archdemon,Archdemon,Archdemon,Archdemon,4G / grandparent synthesis
Belial,A,Demon,Archdemon,Balhib,,,Kind synthesis
Belial,A,Demon,Archdemon,Great Dragon,,,Kind synthesis
Conkettes,A,Demon,Conklave,Mortella,,,Kind synthesis
Conkettes,A,Demon,Conklave,Thornella,,,Kind synthesis
Conkettes,A,Demon,Exorsus,Metal Kaiser Slime,,,Non-rank synthesis
Dhuran,A,Demon,Flamethrower,Blizzybody,,,Kind synthesis
Dhuran,A,Demon,Belial,Monkey Zombie,,,Non-rank synthesis
Gemon,A,Demon,Jamirus,Atlas,,,Kind synthesis
Gemon,A,Demon,Jamirus,Belial,,,Kind synthesis
Gemon,A,Demon,Jamirus,Pazuzu,,,Kind synthesis
Gracos,A,Demon,Belial,Merman,,,Kind synthesis
Gracos,A,Demon,Belial,Octavian Sentry,,,Kind synthesis
Hootingham-Gore,A,Demon,Jamirus,Kon The Knight,,,Kind synthesis
Hootingham-Gore,A,Demon,Taurus,Kapurigon,,,Non-rank synthesis
King Korol,A,Demon,Tortured Soul,Great Dragon,,,Kind synthesis
King Korol,A,Demon,Tortured Soul,Rashaverak,,,Kind synthesis
Pazuzu,A,Demon,Silvapithecus,Silvapithecus,Silvapithecus,Silvapithecus,4G / grandparent synthesis
Pazuzu,A,Demon,Silvapithecus,Dierantula,,,Kind synthesis
Pazuzu,A,Demon,Silvapithecus,Rashaverak,,,Kind synthesis
Aamon,S,Demon,King Korol,Baron Von Bellycose,,,Kind synthesis
Aamon,S,Demon,King Korol,Terracotta Warrior,,,Kind synthesis
Baramos,S,Demon,Tortoceratops,Beetlebully,,,Kind synthesis
Baramos,S,Demon,Tortoceratops,The Time Being,,,Kind synthesis
Blackmar,S,Demon,Aamon,Ladja,,,Kind synthesis
Blackmar,S,Demon,Wight King,Slider Girl,,,Non-rank synthesis
Hargon,S,Demon,Dhuran,Dierantula,,,Kind synthesis
Hargon,S,Demon,Dhuran,Wight King,,,Kind synthesis
Malroth,S,Demon,Hargon,Demon-At-Arms,,,Kind synthesis
Malroth,S,Demon,Hargon,Khalamari,,,Kind synthesis
Malroth,S,Demon,Darck,Tyrannosaurus Wrecks,,,Non-rank synthesis
Murdaw,S,Demon,Bjorn,Mossferatu,,,Kind synthesis
Murdaw,S,Demon,Bjorn,Night Clubber,,,Kind synthesis
Murdaw,S,Demon,Baramos,Hargon,,,Non-rank synthesis
Titanis,S,Demon,Moosifer,Atlas,,,Kind synthesis
Titanis,S,Demon,Moosifer,Tri Winder,,,Kind synthesis
Tyrannosaurus Wrecks,S,Demon,Hyperanemon,Kapurigon,,,Kind synthesis
Tyrannosaurus Wrecks,S,Demon,Hyperanemon,Taurus,,,Kind synthesis
Nokturnus,SS,Demon,Dhuran,Dr Snapped,,,Kind synthesis
Nokturnus,SS,Demon,Rhapthorne,Malevolynx,,,Non-rank synthesis
Drohl Diabolist,E,Zombie,Skelegon,Teeny Sanguini,,,Non-rank synthesis
Cobra Cardinal,B,Zombie,Ethereal Serpent,Fallen Priest,,,Kind synthesis
Fright Knight,B,Zombie,Skeleton Soldier,Lethal Armour,,,Kind synthesis
Grim Rider,B,Zombie,Diemon,Demonrider,,,Kind synthesis
Grim Rider,B,Zombie,Half Hog,Demonrider,,,Kind synthesis
Grim Rider,B,Zombie,Notso Macho,Demonrider,,,Kind synthesis
Phantom Swordsman,B,Zombie,Phantom Fencer,Phantom Fencer,Phantom Fencer,Phantom Fencer,4G / grandparent synthesis
Phantom Swordsman,B,Zombie,Fallen Priest,Grim Rider,,,Non-rank synthesis
Ragin' Contagion,B,Zombie,Slime,Slime,,,Affection synthesis
Ragin' Contagion,B,Zombie,Walking Corpse,Soulspawn,,,Kind synthesis
Skeleton Soldier,B,Zombie,Skeleton,Skeleton,Skeleton,Skeleton,4G / grandparent synthesis
Soulspawn,B,Zombie,Firespirit,Firespirit,Firespirit,Firespirit,4G / grandparent synthesis
Soulspawn,B,Zombie,Ghost,Ghost,Ghost,Ghost,4G / grandparent synthesis
Wight Knight,B,Zombie,Ragin' Contagion,Ragin' Contagion,,,Affection synthesis
Wight Knight,B,Zombie,Grim Rider,Phantom Swordsman,,,Kind synthesis
Bone Baron,A,Zombie,Grim Rider,Grim Rider,,,Kind synthesis
Bone Baron,A,Zombie,Kon The Knight,Dorsal Fiend,,,Non-rank synthesis
Dierantula,A,Zombie,Wormonger,Gripevine,,,Kind synthesis
Dierantula,A,Zombie,Wormonger,Night Knight,,,Kind synthesis
Dierantula,A,Zombie,Wormonger,Tortured Soul,,,Kind synthesis
Gigalumph,A,Zombie,Chimaera,Chimaera,,,Affection synthesis
Gigalumph,A,Zombie,Mortoad,Mortoad,,,Kind synthesis
Grotwyrm,A,Zombie,Ragin' Contagion,Great Dragon,,,Kind synthesis
Grotwyrm,A,Zombie,Ragin' Contagion,Rashaverak,,,Kind synthesis
Kapurigon,A,Zombie,Moosifer,Garuda,,,Kind synthesis
Monkey Zombie,A,Zombie,Gorerilla,Squign,,,Kind synthesis
Monkey Zombie,A,Zombie,Whackanape,Squign,,,Kind synthesis
Night Knight,A,Zombie,Fright Knight,Fright Knight,,,Kind synthesis
Roseguardin,A,Zombie,Lethal Armour,Bone Baron,,,Kind synthesis
Roseguardin,A,Zombie,Lethal Armour,Riptide,,,Kind synthesis
Roseguardin,A,Zombie,Night Knight,Mechanowyrm,,,Non-rank synthesis
Tortured Soul,A,Zombie,Fright Knight,Cobra Cardinal,,,Kind synthesis
Tortured Soul,A,Zombie,Fright Knight,Ragin' Contagion,,,Kind synthesis
Tortured Soul,A,Zombie,Fright Knight,Wailin' Weed,,,Kind synthesis
Tortured Soul,A,Zombie,Fright Knight,Wight Knight,,,Kind synthesis
Wailin' Weed,A,Zombie,King Kelp,Phantom Swordsman,,,Kind synthesis
Wailin' Weed,A,Zombie,King Kelp,Skeleton Soldier,,,Kind synthesis
Captain Crow,S,Zombie,Grandpa Slime,Canzar,,,Non-rank synthesis
Dullahan,S,Zombie,Bone Baron,Night Knight,,,Kind synthesis
Dullahan,S,Zombie,Bone Baron,Ruin,,,Kind synthesis
Dullahan,S,Zombie,Bone Baron,Tortured Soul,,,Kind synthesis
King Godwyn II,S,Zombie,Goreham-Hogg,Hootingham-Gore,Goresby-Purrvis,Barbarus,4G / grandparent synthesis
Ladja,S,Zombie,Conklave,Conklave,,,Affection synthesis
Ladja,S,Zombie,Slon The Rook,Kon The Knight,,,Kind synthesis
Ladja,S,Zombie,Nemeslime,Tri Winder,,,Non-rank synthesis
Wight King,S,Zombie,Tortured Soul,King Bubble Slime,,,Kind synthesis
Wight King,S,Zombie,Tortured Soul,King Slime,,,Kind synthesis
Dr Snapped,SS,Zombie,Darkonium Slime,Murdaw,,,Kind synthesis
Zoma's Devil,A,???,Schleiman Tank,Black Dragon,,,Non-rank synthesis
Darck,S,???,Murdaw,Blackmar,,,Kind synthesis
Ace Of Spades,SS,???,Wulfspade Ace,Leopold,,,Kind synthesis
Baboon Beast,SS,???,Aquarion,Monkey Zombie,Malevolynx,Ace Of Spades,4G / grandparent synthesis
Corvus,SS,???,King Godwyn II,Magarugi,,,Kind synthesis
Evil Beast,SS,???,Baboon Beast,Corvus,,,Kind synthesis
Evil Beast,SS,???,Dragovian Lord,Zenith Dragon,,,Non-rank synthesis
Gadis,SS,???,Xiphos,Sagittar,,,Kind synthesis
Gadis,SS,???,Xenlon,Munchie,,,Non-rank synthesis
Leonyx,SS,???,Wildcard,Leokid,,,Kind synthesis
Magarugi,SS,???,Rigor Mortex,Orochi,Pruslas,Rottney,4G / grandparent synthesis
Magarugi,SS,???,Leonyx,Rigor Mortex,,,Non-rank synthesis
Mortamor,SS,???,Psaro,Escudogre,,,Kind synthesis
Mortamor,SS,???,Psaro,The Time Being,,,Kind synthesis
Mortamor,SS,???,Baboon Beast,Barbarus,,,Non-rank synthesis
Nimzo,SS,???,Baramos,Khalamari,,,Kind synthesis
Nimzo,SS,???,Baramos,Mossferatu,,,Kind synthesis
Nimzo,SS,???,Xiphos,Diamond Slime,,,Non-rank synthesis
Orgodemir,SS,???,Tyrannosaurus Wrecks,Bilhaw,,,Kind synthesis
Orgodemir,SS,???,Tyrannosaurus Wrecks,Tri Winder,,,Kind synthesis
Rhapthorne,SS,???,Zoma,Nimzo,Mortamor,Orgodemir,4G / grandparent synthesis
Rhapthorne II,SS,???,Rhapthorne,Estark,,,Kind synthesis
Rigor Mortex,SS,???,Leonyx,Zenith Dragon,,,Kind synthesis
Wildcard,SS,???,Wulfspade Ace,Great Godbird,,,Kind synthesis
Zoma,SS,???,Malroth,Dullahan,,,Kind synthesis
Zoma,SS,???,Malroth,Wight King,,,Kind synthesis
Zoma,SS,???,Liquid Metal King Slime,Greygnarl,,,Non-rank synthesis
Unknown #324,,,Skeleton,Skeleton,,,Affection synthesis; blank monster-name entry
Unknown #326,,,Green Dragon,Green Dragon,,,Affection synthesis; blank monster-name entry
Unknown #328,,,Goodybag,Goodybag,,,Affection synthesis; blank monster-name entry
Unknown #329,,,Teeny Sanguini,Teeny Sanguini,,,Affection synthesis; blank monster-name entry
Unknown #330,,,Gigalumph,Gigalumph,,,Affection synthesis; blank monster-name entry
Unknown #331,,,Ladja,Ladja,,,Affection synthesis; blank monster-name entry
Unknown #332,,,Unknown #324,Unknown #324,,,Affection synthesis; blank monster-name entry
Unknown #333,,,Unknown #326,Unknown #326,,,Affection synthesis; blank monster-name entry
Unknown #334,,,Unknown #328,Unknown #328,,,Affection synthesis; blank monster-name entry
Unknown #335,,,Unknown #329,Unknown #329,,,Affection synthesis; blank monster-name entry
